GEO.id,GEO.id2,GEO.display-label,HD01_VD01,HD01_VD02,HD01_VD13
Id,Id2,Geography,Estimate; Total:,Estimate; Male:,Estimate; Female:
1500000US480410001011,480410001011,"Block Group 1, Census Tract 1.01, Brazos County, Texas",1136,610,526
1500000US480410001012,480410001012,"Block Group 2, Census Tract 1.01, Brazos County, Texas",1288,594,694
1500000US480410001013,480410001013,"Block Group 3, Census Tract 1.01, Brazos County, Texas",1593,707,886
1500000US480410001014,480410001014,"Block Group 4, Census Tract 1.01, Brazos County, Texas",1329,671,658
1500000US480410001021,480410001021,"Block Group 1, Census Tract 1.02, Brazos County, Texas",1835,860,975
1500000US480410001022,480410001022,"Block Group 2, Census Tract 1.02, Brazos County, Texas",2229,1075,1154
1500000US480410001031,480410001031,"Block Group 1, Census Tract 1.03, Brazos County, Texas",1124,478,646
1500000US480410002011,480410002011,"Block Group 1, Census Tract 2.01, Brazos County, Texas",947,417,530
1500000US480410002012,480410002012,"Block Group 2, Census Tract 2.01, Brazos County, Texas",519,338,181
1500000US480410002013,480410002013,"Block Group 3, Census Tract 2.01, Brazos County, Texas",979,725,254
1500000US480410002014,480410002014,"Block Group 4, Census Tract 2.01, Brazos County, Texas",2253,1404,849
1500000US480410002021,480410002021,"Block Group 1, Census Tract 2.02, Brazos County, Texas",779,387,392
1500000US480410002022,480410002022,"Block Group 2, Census Tract 2.02, Brazos County, Texas",1031,460,571
1500000US480410002023,480410002023,"Block Group 3, Census Tract 2.02, Brazos County, Texas",435,192,243
1500000US480410002024,480410002024,"Block Group 4, Census Tract 2.02, Brazos County, Texas",2592,1951,641
1500000US480410002025,480410002025,"Block Group 5, Census Tract 2.02, Brazos County, Texas",205,127,78
1500000US480410003001,480410003001,"Block Group 1, Census Tract 3, Brazos County, Texas",576,309,267
1500000US480410003002,480410003002,"Block Group 2, Census Tract 3, Brazos County, Texas",1541,702,839
1500000US480410003003,480410003003,"Block Group 3, Census Tract 3, Brazos County, Texas",1472,638,834
1500000US480410003004,480410003004,"Block Group 4, Census Tract 3, Brazos County, Texas",914,430,484
1500000US480410004001,480410004001,"Block Group 1, Census Tract 4, Brazos County, Texas",710,344,366
1500000US480410004002,480410004002,"Block Group 2, Census Tract 4, Brazos County, Texas",1098,565,533
1500000US480410004003,480410004003,"Block Group 3, Census Tract 4, Brazos County, Texas",837,0,837
1500000US480410004004,480410004004,"Block Group 4, Census Tract 4, Brazos County, Texas",987,506,481
1500000US480410005001,480410005001,"Block Group 1, Census Tract 5, Brazos County, Texas",1101,790,311
1500000US480410005002,480410005002,"Block Group 2, Census Tract 5, Brazos County, Texas",471,214,257
1500000US480410005003,480410005003,"Block Group 3, Census Tract 5, Brazos County, Texas",783,433,350
1500000US480410005004,480410005004,"Block Group 4, Census Tract 5, Brazos County, Texas",1125,540,585
1500000US480410005005,480410005005,"Block Group 5, Census Tract 5, Brazos County, Texas",727,324,403
1500000US480410006031,480410006031,"Block Group 1, Census Tract 6.03, Brazos County, Texas",636,405,231
1500000US480410006032,480410006032,"Block Group 2, Census Tract 6.03, Brazos County, Texas",516,249,267
1500000US480410006033,480410006033,"Block Group 3, Census Tract 6.03, Brazos County, Texas",984,474,510
1500000US480410006034,480410006034,"Block Group 4, Census Tract 6.03, Brazos County, Texas",1038,419,619
1500000US480410006041,480410006041,"Block Group 1, Census Tract 6.04, Brazos County, Texas",1049,579,470
1500000US480410006042,480410006042,"Block Group 2, Census Tract 6.04, Brazos County, Texas",609,298,311
1500000US480410006043,480410006043,"Block Group 3, Census Tract 6.04, Brazos County, Texas",1380,449,931
1500000US480410006044,480410006044,"Block Group 4, Census Tract 6.04, Brazos County, Texas",682,463,219
1500000US480410007001,480410007001,"Block Group 1, Census Tract 7, Brazos County, Texas",455,259,196
1500000US480410007002,480410007002,"Block Group 2, Census Tract 7, Brazos County, Texas",489,237,252
1500000US480410007003,480410007003,"Block Group 3, Census Tract 7, Brazos County, Texas",460,128,332
1500000US480410007004,480410007004,"Block Group 4, Census Tract 7, Brazos County, Texas",425,202,223
1500000US480410008001,480410008001,"Block Group 1, Census Tract 8, Brazos County, Texas",337,210,127
1500000US480410008002,480410008002,"Block Group 2, Census Tract 8, Brazos County, Texas",519,287,232
1500000US480410008003,480410008003,"Block Group 3, Census Tract 8, Brazos County, Texas",1678,823,855
1500000US480410008004,480410008004,"Block Group 4, Census Tract 8, Brazos County, Texas",439,221,218
1500000US480410009001,480410009001,"Block Group 1, Census Tract 9, Brazos County, Texas",1052,463,589
1500000US480410009002,480410009002,"Block Group 2, Census Tract 9, Brazos County, Texas",651,349,302
1500000US480410010001,480410010001,"Block Group 1, Census Tract 10, Brazos County, Texas",814,418,396
1500000US480410010002,480410010002,"Block Group 2, Census Tract 10, Brazos County, Texas",2151,1206,945
1500000US480410010003,480410010003,"Block Group 3, Census Tract 10, Brazos County, Texas",2705,1483,1222
1500000US480410010004,480410010004,"Block Group 4, Census Tract 10, Brazos County, Texas",867,629,238
1500000US480410011001,480410011001,"Block Group 1, Census Tract 11, Brazos County, Texas",697,285,412
1500000US480410011002,480410011002,"Block Group 2, Census Tract 11, Brazos County, Texas",895,450,445
1500000US480410011003,480410011003,"Block Group 3, Census Tract 11, Brazos County, Texas",1012,383,629
1500000US480410011004,480410011004,"Block Group 4, Census Tract 11, Brazos County, Texas",530,324,206
1500000US480410013011,480410013011,"Block Group 1, Census Tract 13.01, Brazos County, Texas",1871,890,981
1500000US480410013012,480410013012,"Block Group 2, Census Tract 13.01, Brazos County, Texas",685,422,263
1500000US480410013021,480410013021,"Block Group 1, Census Tract 13.02, Brazos County, Texas",1486,880,606
1500000US480410013022,480410013022,"Block Group 2, Census Tract 13.02, Brazos County, Texas",1362,661,701
1500000US480410013023,480410013023,"Block Group 3, Census Tract 13.02, Brazos County, Texas",484,360,124
1500000US480410013031,480410013031,"Block Group 1, Census Tract 13.03, Brazos County, Texas",998,529,469
1500000US480410013032,480410013032,"Block Group 2, Census Tract 13.03, Brazos County, Texas",1484,1138,346
1500000US480410013033,480410013033,"Block Group 3, Census Tract 13.03, Brazos County, Texas",1667,845,822
1500000US480410013034,480410013034,"Block Group 4, Census Tract 13.03, Brazos County, Texas",591,315,276
1500000US480410014001,480410014001,"Block Group 1, Census Tract 14, Brazos County, Texas",521,210,311
1500000US480410014002,480410014002,"Block Group 2, Census Tract 14, Brazos County, Texas",1451,1037,414
1500000US480410014003,480410014003,"Block Group 3, Census Tract 14, Brazos County, Texas",1177,699,478
1500000US480410016011,480410016011,"Block Group 1, Census Tract 16.01, Brazos County, Texas",1812,863,949
1500000US480410016012,480410016012,"Block Group 2, Census Tract 16.01, Brazos County, Texas",864,366,498
1500000US480410016013,480410016013,"Block Group 3, Census Tract 16.01, Brazos County, Texas",1759,744,1015
1500000US480410016041,480410016041,"Block Group 1, Census Tract 16.04, Brazos County, Texas",1669,788,881
1500000US480410016042,480410016042,"Block Group 2, Census Tract 16.04, Brazos County, Texas",524,355,169
1500000US480410016043,480410016043,"Block Group 3, Census Tract 16.04, Brazos County, Texas",2070,1075,995
1500000US480410016051,480410016051,"Block Group 1, Census Tract 16.05, Brazos County, Texas",1270,732,538
1500000US480410016052,480410016052,"Block Group 2, Census Tract 16.05, Brazos County, Texas",1965,1091,874
1500000US480410016061,480410016061,"Block Group 1, Census Tract 16.06, Brazos County, Texas",1189,617,572
1500000US480410016062,480410016062,"Block Group 2, Census Tract 16.06, Brazos County, Texas",1305,723,582
1500000US480410017011,480410017011,"Block Group 1, Census Tract 17.01, Brazos County, Texas",1591,649,942
1500000US480410017012,480410017012,"Block Group 2, Census Tract 17.01, Brazos County, Texas",1176,542,634
1500000US480410017013,480410017013,"Block Group 3, Census Tract 17.01, Brazos County, Texas",1442,756,686
1500000US480410017021,480410017021,"Block Group 1, Census Tract 17.02, Brazos County, Texas",742,430,312
1500000US480410017022,480410017022,"Block Group 2, Census Tract 17.02, Brazos County, Texas",1230,395,835
1500000US480410018011,480410018011,"Block Group 1, Census Tract 18.01, Brazos County, Texas",1473,754,719
1500000US480410018012,480410018012,"Block Group 2, Census Tract 18.01, Brazos County, Texas",1825,925,900
1500000US480410018031,480410018031,"Block Group 1, Census Tract 18.03, Brazos County, Texas",1788,944,844
1500000US480410018032,480410018032,"Block Group 2, Census Tract 18.03, Brazos County, Texas",1735,662,1073
1500000US480410018033,480410018033,"Block Group 3, Census Tract 18.03, Brazos County, Texas",1587,644,943
1500000US480410018041,480410018041,"Block Group 1, Census Tract 18.04, Brazos County, Texas",834,258,576
1500000US480410019001,480410019001,"Block Group 1, Census Tract 19, Brazos County, Texas",641,295,346
1500000US480410019002,480410019002,"Block Group 2, Census Tract 19, Brazos County, Texas",263,98,165
1500000US480410019003,480410019003,"Block Group 3, Census Tract 19, Brazos County, Texas",474,255,219
1500000US480410019004,480410019004,"Block Group 4, Census Tract 19, Brazos County, Texas",823,432,391
1500000US480410019005,480410019005,"Block Group 5, Census Tract 19, Brazos County, Texas",695,401,294
1500000US480410020011,480410020011,"Block Group 1, Census Tract 20.01, Brazos County, Texas",1633,901,732
1500000US480410020012,480410020012,"Block Group 2, Census Tract 20.01, Brazos County, Texas",1479,729,750
1500000US480410020021,480410020021,"Block Group 1, Census Tract 20.02, Brazos County, Texas",1039,555,484
1500000US480410020022,480410020022,"Block Group 2, Census Tract 20.02, Brazos County, Texas",1911,809,1102
1500000US480410020023,480410020023,"Block Group 3, Census Tract 20.02, Brazos County, Texas",1285,659,626
1500000US480410020061,480410020061,"Block Group 1, Census Tract 20.06, Brazos County, Texas",1193,497,696
1500000US480410020071,480410020071,"Block Group 1, Census Tract 20.07, Brazos County, Texas",2049,1274,775
1500000US480410020072,480410020072,"Block Group 2, Census Tract 20.07, Brazos County, Texas",3115,1973,1142
1500000US480410020081,480410020081,"Block Group 1, Census Tract 20.08, Brazos County, Texas",2307,1182,1125
1500000US480410020082,480410020082,"Block Group 2, Census Tract 20.08, Brazos County, Texas",1545,775,770
1500000US480410020091,480410020091,"Block Group 1, Census Tract 20.09, Brazos County, Texas",705,317,388
1500000US480410020092,480410020092,"Block Group 2, Census Tract 20.09, Brazos County, Texas",1757,860,897
1500000US480410020101,480410020101,"Block Group 1, Census Tract 20.10, Brazos County, Texas",755,365,390
1500000US480410020102,480410020102,"Block Group 2, Census Tract 20.10, Brazos County, Texas",943,485,458
1500000US480410020111,480410020111,"Block Group 1, Census Tract 20.11, Brazos County, Texas",681,302,379
1500000US480410020112,480410020112,"Block Group 2, Census Tract 20.11, Brazos County, Texas",1258,550,708
1500000US480410020121,480410020121,"Block Group 1, Census Tract 20.12, Brazos County, Texas",1257,410,847
1500000US480410020122,480410020122,"Block Group 2, Census Tract 20.12, Brazos County, Texas",1969,1054,915
1500000US480410020123,480410020123,"Block Group 3, Census Tract 20.12, Brazos County, Texas",2717,1228,1489
1500000US480410020131,480410020131,"Block Group 1, Census Tract 20.13, Brazos County, Texas",2249,860,1389
1500000US480410020132,480410020132,"Block Group 2, Census Tract 20.13, Brazos County, Texas",1454,518,936
1500000US480410020141,480410020141,"Block Group 1, Census Tract 20.14, Brazos County, Texas",432,216,216
1500000US480410020142,480410020142,"Block Group 2, Census Tract 20.14, Brazos County, Texas",562,245,317
1500000US480410020151,480410020151,"Block Group 1, Census Tract 20.15, Brazos County, Texas",9778,5874,3904
1500000US480419800001,480419800001,"Block Group 1, Census Tract 9800, Brazos County, Texas",9,4,5
