GEO.id,Id
GEO.id2,Id2
GEO.display-label,Geography
HD01_VD01,Estimate; Total:
HD01_VD02,Estimate; Male:
HD01_VD03,Estimate; Male: - Under 5 years
HD01_VD04,Estimate; Male: - 5 to 9 years
HD01_VD05,Estimate; Male: - 10 to 14 years
HD01_VD06,Estimate; Male: - 15 to 17 years
HD01_VD07,Estimate; Male: - 18 and 19 years
HD01_VD08,Estimate; Male: - 20 years
HD01_VD09,Estimate; Male: - 21 years
HD01_VD10,Estimate; Male: - 22 to 24 years
HD01_VD11,Estimate; Male: - 25 to 29 years
HD01_VD12,Estimate; Male: - 30 to 34 years
HD01_VD13,Estimate; Male: - 35 to 39 years
HD01_VD14,Estimate; Male: - 40 to 44 years
HD01_VD15,Estimate; Male: - 45 to 49 years
HD01_VD16,Estimate; Male: - 50 to 54 years
HD01_VD17,Estimate; Male: - 55 to 59 years
HD01_VD18,Estimate; Male: - 60 and 61 years
HD01_VD19,Estimate; Male: - 62 to 64 years
HD01_VD20,Estimate; Male: - 65 and 66 years
HD01_VD21,Estimate; Male: - 67 to 69 years
HD01_VD22,Estimate; Male: - 70 to 74 years
HD01_VD23,Estimate; Male: - 75 to 79 years
HD01_VD24,Estimate; Male: - 80 to 84 years
HD01_VD25,Estimate; Male: - 85 years and over
