GEO.id,GEO.id2,GEO.display-label,HD01_VD01,HD01_VD02,HD01_VD03,HD01_VD04,HD01_VD05,HD01_VD06,HD01_VD07,HD01_VD08,HD01_VD09,HD01_VD10,HD01_VD11,HD01_VD12,HD01_VD13,HD01_VD14,HD01_VD15,HD01_VD16,HD01_VD17,HD01_VD18,HD01_VD19,HD01_VD20,HD01_VD21,HD01_VD22,HD01_VD23,HD01_VD24,HD01_VD25
Id,Id2,Geography,Estimate; Total:,Estimate; Male:,Estimate; Male: - Under 5 years,Estimate; Male: - 5 to 9 years,Estimate; Male: - 10 to 14 years,Estimate; Male: - 15 to 17 years,Estimate; Male: - 18 and 19 years,Estimate; Male: - 20 years,Estimate; Male: - 21 years,Estimate; Male: - 22 to 24 years,Estimate; Male: - 25 to 29 years,Estimate; Male: - 30 to 34 years,Estimate; Male: - 35 to 39 years,Estimate; Male: - 40 to 44 years,Estimate; Male: - 45 to 49 years,Estimate; Male: - 50 to 54 years,Estimate; Male: - 55 to 59 years,Estimate; Male: - 60 and 61 years,Estimate; Male: - 62 to 64 years,Estimate; Male: - 65 and 66 years,Estimate; Male: - 67 to 69 years,Estimate; Male: - 70 to 74 years,Estimate; Male: - 75 to 79 years,Estimate; Male: - 80 to 84 years,Estimate; Male: - 85 years and over
1500000US480410001011,480410001011,"Block Group 1, Census Tract 1.01, Brazos County, Texas",1357,625,78,17,81,17,50,0,0,20,20,57,0,0,51,64,32,0,0,47,0,13,30,17,31
1500000US480410001012,480410001012,"Block Group 2, Census Tract 1.01, Brazos County, Texas",1870,834,38,71,44,52,6,0,80,22,0,24,17,40,121,87,85,31,12,16,35,34,0,19,0
1500000US480410001013,480410001013,"Block Group 3, Census Tract 1.01, Brazos County, Texas",2422,1120,154,42,94,0,0,0,0,175,0,222,35,0,112,88,97,14,0,32,43,12,0,0,0
1500000US480410001014,480410001014,"Block Group 4, Census Tract 1.01, Brazos County, Texas",1887,1041,189,103,74,85,30,0,0,27,28,56,47,83,87,53,65,9,28,15,10,33,4,14,1
1500000US480410001021,480410001021,"Block Group 1, Census Tract 1.02, Brazos County, Texas",2862,1423,101,154,85,39,34,43,4,50,101,45,155,1,36,81,76,93,87,0,22,62,107,31,16
1500000US480410001022,480410001022,"Block Group 2, Census Tract 1.02, Brazos County, Texas",3340,1610,51,129,163,80,22,93,22,21,93,46,229,132,94,98,71,43,116,30,0,25,22,14,16
1500000US480410001031,480410001031,"Block Group 1, Census Tract 1.03, Brazos County, Texas",1707,704,88,7,31,70,4,0,10,53,28,22,39,76,62,65,33,24,37,0,20,1,21,13,0
1500000US480410002011,480410002011,"Block Group 1, Census Tract 2.01, Brazos County, Texas",1716,805,123,120,65,0,19,98,0,56,47,139,38,13,0,0,33,15,39,0,0,0,0,0,0
1500000US480410002012,480410002012,"Block Group 2, Census Tract 2.01, Brazos County, Texas",823,467,18,22,0,0,0,0,19,41,14,184,45,78,0,0,46,0,0,0,0,0,0,0,0
1500000US480410002013,480410002013,"Block Group 3, Census Tract 2.01, Brazos County, Texas",1163,866,0,18,33,16,0,80,105,129,187,60,100,0,12,0,49,2,32,0,13,0,30,0,0
1500000US480410002014,480410002014,"Block Group 4, Census Tract 2.01, Brazos County, Texas",2757,1688,44,148,110,56,5,121,182,107,209,220,88,79,73,38,31,13,74,0,11,17,62,0,0
1500000US480410002021,480410002021,"Block Group 1, Census Tract 2.02, Brazos County, Texas",1326,680,70,31,48,48,5,0,0,37,53,56,62,26,56,31,23,0,73,8,11,6,0,12,24
1500000US480410002022,480410002022,"Block Group 2, Census Tract 2.02, Brazos County, Texas",2089,1086,133,96,127,123,23,0,22,45,108,23,98,86,75,64,0,39,0,17,7,0,0,0,0
1500000US480410002023,480410002023,"Block Group 3, Census Tract 2.02, Brazos County, Texas",712,325,41,24,0,16,0,14,0,16,9,17,0,0,31,82,7,10,8,18,27,0,0,5,0
1500000US480410002024,480410002024,"Block Group 4, Census Tract 2.02, Brazos County, Texas",3373,2303,72,110,74,83,93,34,30,69,370,287,166,231,255,139,113,13,28,8,0,42,6,41,39
1500000US480410002025,480410002025,"Block Group 5, Census Tract 2.02, Brazos County, Texas",226,140,0,0,14,0,4,2,1,0,11,12,0,0,32,14,8,0,8,0,0,26,0,0,8
1500000US480410003001,480410003001,"Block Group 1, Census Tract 3, Brazos County, Texas",1106,633,77,49,70,85,12,0,0,27,44,66,34,12,49,38,28,0,22,11,0,7,2,0,0
1500000US480410003002,480410003002,"Block Group 2, Census Tract 3, Brazos County, Texas",2932,1430,247,116,184,36,69,0,42,80,93,125,120,16,17,105,52,28,33,0,0,24,36,0,7
1500000US480410003003,480410003003,"Block Group 3, Census Tract 3, Brazos County, Texas",2431,1194,150,148,95,143,0,21,20,69,50,66,123,67,37,79,15,0,8,74,13,16,0,0,0
1500000US480410003004,480410003004,"Block Group 4, Census Tract 3, Brazos County, Texas",1176,642,50,40,68,24,2,80,0,0,87,51,51,26,59,13,0,0,17,0,0,15,45,0,14
1500000US480410004001,480410004001,"Block Group 1, Census Tract 4, Brazos County, Texas",1273,632,0,9,18,21,31,0,0,13,19,91,70,98,29,33,17,39,16,21,41,54,0,0,12
1500000US480410004002,480410004002,"Block Group 2, Census Tract 4, Brazos County, Texas",1639,837,121,85,57,39,0,12,22,72,33,69,50,112,43,55,40,0,8,0,0,19,0,0,0
1500000US480410004003,480410004003,"Block Group 3, Census Tract 4, Brazos County, Texas",822,11,0,0,0,0,0,0,0,0,0,0,0,0,0,11,0,0,0,0,0,0,0,0,0
1500000US480410004004,480410004004,"Block Group 4, Census Tract 4, Brazos County, Texas",1500,697,63,52,49,30,8,50,0,27,121,70,113,24,5,19,3,0,10,0,7,46,0,0,0
1500000US480410005001,480410005001,"Block Group 1, Census Tract 5, Brazos County, Texas",1506,906,0,38,7,12,24,46,52,26,310,125,47,51,64,51,48,0,0,0,0,0,5,0,0
1500000US480410005002,480410005002,"Block Group 2, Census Tract 5, Brazos County, Texas",604,294,22,39,21,0,8,0,0,40,0,33,21,11,0,0,16,11,50,0,0,22,0,0,0
1500000US480410005003,480410005003,"Block Group 3, Census Tract 5, Brazos County, Texas",1188,599,43,34,57,0,20,0,21,60,34,35,82,66,0,30,0,33,32,6,30,16,0,0,0
1500000US480410005004,480410005004,"Block Group 4, Census Tract 5, Brazos County, Texas",1949,860,153,111,40,0,52,0,37,0,35,38,68,104,13,108,11,14,24,5,13,11,12,11,0
1500000US480410005005,480410005005,"Block Group 5, Census Tract 5, Brazos County, Texas",1047,471,37,51,82,20,13,11,11,26,37,1,41,7,53,42,31,0,0,0,0,2,0,6,0
1500000US480410006031,480410006031,"Block Group 1, Census Tract 6.03, Brazos County, Texas",787,520,47,0,0,0,16,0,48,37,47,10,0,85,64,100,7,18,0,15,18,0,0,8,0
1500000US480410006032,480410006032,"Block Group 2, Census Tract 6.03, Brazos County, Texas",720,341,0,40,15,14,22,0,0,0,42,36,20,7,8,7,19,34,14,14,26,14,0,0,9
1500000US480410006033,480410006033,"Block Group 3, Census Tract 6.03, Brazos County, Texas",1424,788,99,72,72,73,33,74,13,24,41,10,0,40,20,42,59,9,26,36,7,6,32,0,0
1500000US480410006034,480410006034,"Block Group 4, Census Tract 6.03, Brazos County, Texas",1787,885,80,134,139,19,16,11,10,12,50,27,72,84,76,33,49,0,41,9,0,8,7,8,0
1500000US480410006041,480410006041,"Block Group 1, Census Tract 6.04, Brazos County, Texas",1768,1031,88,153,10,112,38,9,9,39,161,151,61,49,38,62,16,0,21,0,14,0,0,0,0
1500000US480410006042,480410006042,"Block Group 2, Census Tract 6.04, Brazos County, Texas",747,317,21,24,75,43,10,0,0,7,18,11,35,18,12,10,14,0,0,0,10,9,0,0,0
1500000US480410006043,480410006043,"Block Group 3, Census Tract 6.04, Brazos County, Texas",2217,887,124,217,71,8,0,0,11,72,38,10,55,12,64,59,85,23,0,30,0,0,0,8,0
1500000US480410006044,480410006044,"Block Group 4, Census Tract 6.04, Brazos County, Texas",1015,591,61,76,12,20,19,0,56,73,73,69,8,0,0,47,8,14,17,0,0,38,0,0,0
1500000US480410007001,480410007001,"Block Group 1, Census Tract 7, Brazos County, Texas",860,395,63,44,46,6,0,0,6,23,19,46,22,49,25,16,0,0,0,23,7,0,0,0,0
1500000US480410007002,480410007002,"Block Group 2, Census Tract 7, Brazos County, Texas",699,369,39,10,0,0,0,0,53,0,33,15,59,22,6,18,23,8,29,0,9,7,10,0,28
1500000US480410007003,480410007003,"Block Group 3, Census Tract 7, Brazos County, Texas",653,280,35,9,70,10,0,0,0,0,67,10,11,39,11,6,0,0,0,0,0,5,7,0,0
1500000US480410007004,480410007004,"Block Group 4, Census Tract 7, Brazos County, Texas",639,287,10,0,48,22,0,0,0,8,32,2,19,21,23,34,30,8,16,0,0,7,7,0,0
1500000US480410008001,480410008001,"Block Group 1, Census Tract 8, Brazos County, Texas",714,449,0,0,47,0,0,0,0,40,35,52,0,19,64,30,22,30,32,0,63,0,15,0,0
1500000US480410008002,480410008002,"Block Group 2, Census Tract 8, Brazos County, Texas",1072,441,46,0,0,0,0,31,0,46,25,29,0,31,0,41,70,0,12,0,0,0,32,65,13
1500000US480410008003,480410008003,"Block Group 3, Census Tract 8, Brazos County, Texas",2413,1056,99,90,43,0,23,57,0,111,182,55,11,52,50,30,7,19,30,13,61,36,15,19,53
1500000US480410008004,480410008004,"Block Group 4, Census Tract 8, Brazos County, Texas",698,371,51,7,58,0,0,0,0,0,17,0,16,62,19,17,32,13,46,10,11,12,0,0,0
1500000US480410009001,480410009001,"Block Group 1, Census Tract 9, Brazos County, Texas",1506,732,40,48,62,55,5,0,0,76,62,108,36,66,21,48,19,4,22,6,14,31,4,0,5
1500000US480410009002,480410009002,"Block Group 2, Census Tract 9, Brazos County, Texas",951,505,78,43,25,0,0,8,0,86,76,75,35,20,19,4,4,4,5,0,11,4,4,0,4
1500000US480410010001,480410010001,"Block Group 1, Census Tract 10, Brazos County, Texas",1332,704,48,42,42,2,14,106,53,53,45,0,36,102,0,12,8,13,61,10,0,27,30,0,0
1500000US480410010002,480410010002,"Block Group 2, Census Tract 10, Brazos County, Texas",2234,1254,11,0,0,0,27,137,227,203,338,141,109,20,0,41,0,0,0,0,0,0,0,0,0
1500000US480410010003,480410010003,"Block Group 3, Census Tract 10, Brazos County, Texas",3834,2119,153,81,179,76,255,133,228,397,243,36,37,119,100,13,10,59,0,0,0,0,0,0,0
1500000US480410010004,480410010004,"Block Group 4, Census Tract 10, Brazos County, Texas",1051,737,19,9,57,0,16,240,63,78,55,19,21,27,108,12,13,0,0,0,0,0,0,0,0
1500000US480410011001,480410011001,"Block Group 1, Census Tract 11, Brazos County, Texas",1272,483,95,47,0,0,0,0,0,150,43,39,43,0,23,5,5,0,0,0,15,0,6,12,0
1500000US480410011002,480410011002,"Block Group 2, Census Tract 11, Brazos County, Texas",1317,586,36,6,28,7,0,0,0,0,19,60,97,100,0,78,30,0,33,0,17,23,14,23,15
1500000US480410011003,480410011003,"Block Group 3, Census Tract 11, Brazos County, Texas",1209,598,0,7,23,0,0,0,0,148,17,94,30,99,31,20,40,0,0,28,12,37,12,0,0
1500000US480410011004,480410011004,"Block Group 4, Census Tract 11, Brazos County, Texas",779,468,0,12,34,0,3,45,0,56,17,1,71,0,18,109,0,22,16,0,14,14,18,18,0
1500000US480410013011,480410013011,"Block Group 1, Census Tract 13.01, Brazos County, Texas",1967,942,14,5,23,0,3,20,146,279,300,22,45,64,0,0,21,0,0,0,0,0,0,0,0
1500000US480410013012,480410013012,"Block Group 2, Census Tract 13.01, Brazos County, Texas",872,491,24,15,30,7,28,45,10,66,82,27,0,17,9,64,20,14,0,0,7,16,10,0,0
1500000US480410013021,480410013021,"Block Group 1, Census Tract 13.02, Brazos County, Texas",1888,1037,47,45,0,19,84,50,218,210,209,68,35,31,10,0,6,5,0,0,0,0,0,0,0
1500000US480410013022,480410013022,"Block Group 2, Census Tract 13.02, Brazos County, Texas",1978,881,45,23,34,32,26,43,96,63,109,61,12,23,54,78,36,9,28,30,6,38,19,16,0
1500000US480410013023,480410013023,"Block Group 3, Census Tract 13.02, Brazos County, Texas",471,260,0,13,0,14,23,30,23,86,11,0,11,11,9,0,0,0,0,8,0,21,0,0,0
1500000US480410013031,480410013031,"Block Group 1, Census Tract 13.03, Brazos County, Texas",1278,574,40,13,0,0,24,110,0,132,32,79,0,40,50,0,45,0,0,0,0,9,0,0,0
1500000US480410013032,480410013032,"Block Group 2, Census Tract 13.03, Brazos County, Texas",1748,1278,41,59,0,12,22,207,147,362,208,122,0,0,49,42,0,0,0,0,0,7,0,0,0
1500000US480410013033,480410013033,"Block Group 3, Census Tract 13.03, Brazos County, Texas",1508,730,0,28,0,25,86,71,129,127,99,111,30,24,0,0,0,0,0,0,0,0,0,0,0
1500000US480410013034,480410013034,"Block Group 4, Census Tract 13.03, Brazos County, Texas",1031,740,32,0,3,0,6,134,245,89,57,16,59,0,0,0,0,45,16,0,2,0,0,36,0
1500000US480410014001,480410014001,"Block Group 1, Census Tract 14, Brazos County, Texas",375,105,20,0,0,0,10,24,0,0,29,16,6,0,0,0,0,0,0,0,0,0,0,0,0
1500000US480410014002,480410014002,"Block Group 2, Census Tract 14, Brazos County, Texas",1378,993,8,7,12,10,0,81,52,511,178,29,35,0,31,14,23,0,2,0,0,0,0,0,0
1500000US480410014003,480410014003,"Block Group 3, Census Tract 14, Brazos County, Texas",1302,773,0,8,0,0,429,32,77,20,123,47,0,24,6,0,0,7,0,0,0,0,0,0,0
1500000US480410016011,480410016011,"Block Group 1, Census Tract 16.01, Brazos County, Texas",1884,914,59,14,12,0,40,71,62,214,265,111,39,0,11,6,6,0,0,0,0,4,0,0,0
1500000US480410016012,480410016012,"Block Group 2, Census Tract 16.01, Brazos County, Texas",809,360,56,24,0,12,12,40,87,0,17,0,0,0,0,39,25,13,31,4,0,0,0,0,0
1500000US480410016013,480410016013,"Block Group 3, Census Tract 16.01, Brazos County, Texas",2147,924,37,42,17,0,5,29,294,151,69,7,27,20,33,28,17,27,14,6,33,9,22,18,19
1500000US480410016041,480410016041,"Block Group 1, Census Tract 16.04, Brazos County, Texas",2203,1016,49,0,110,12,8,42,0,217,244,68,30,31,40,37,13,32,16,0,52,15,0,0,0
1500000US480410016042,480410016042,"Block Group 2, Census Tract 16.04, Brazos County, Texas",677,437,0,25,18,0,0,0,69,117,78,0,4,38,0,0,15,15,15,0,19,0,6,0,18
1500000US480410016043,480410016043,"Block Group 3, Census Tract 16.04, Brazos County, Texas",2467,1181,0,0,13,9,52,179,344,300,65,74,86,32,10,0,0,0,0,17,0,0,0,0,0
1500000US480410016051,480410016051,"Block Group 1, Census Tract 16.05, Brazos County, Texas",1139,516,0,30,38,0,27,68,18,63,65,97,28,25,14,10,0,29,0,0,0,0,0,4,0
1500000US480410016052,480410016052,"Block Group 2, Census Tract 16.05, Brazos County, Texas",2364,1242,51,59,62,29,89,155,134,379,88,95,24,9,48,0,0,8,0,0,0,0,12,0,0
1500000US480410016061,480410016061,"Block Group 1, Census Tract 16.06, Brazos County, Texas",1366,823,35,0,0,12,0,109,48,233,120,123,0,0,11,24,19,0,0,51,12,8,18,0,0
1500000US480410016062,480410016062,"Block Group 2, Census Tract 16.06, Brazos County, Texas",1773,851,0,44,22,6,5,37,152,238,106,69,73,25,7,0,29,0,4,0,0,4,26,0,4
1500000US480410017011,480410017011,"Block Group 1, Census Tract 17.01, Brazos County, Texas",1947,974,84,50,13,0,35,262,90,136,74,31,92,0,97,0,0,10,0,0,0,0,0,0,0
1500000US480410017012,480410017012,"Block Group 2, Census Tract 17.01, Brazos County, Texas",1277,552,14,41,18,38,5,41,18,167,25,36,15,0,92,0,42,0,0,0,0,0,0,0,0
1500000US480410017013,480410017013,"Block Group 3, Census Tract 17.01, Brazos County, Texas",1832,936,51,143,30,12,34,157,65,121,137,80,35,34,12,10,15,0,0,0,0,0,0,0,0
1500000US480410017021,480410017021,"Block Group 1, Census Tract 17.02, Brazos County, Texas",1153,625,8,42,21,32,34,0,0,245,18,20,129,8,0,30,29,0,0,9,0,0,0,0,0
1500000US480410017022,480410017022,"Block Group 2, Census Tract 17.02, Brazos County, Texas",2142,746,106,141,113,61,18,63,38,34,82,26,14,0,38,0,0,0,0,4,8,0,0,0,0
1500000US480410018011,480410018011,"Block Group 1, Census Tract 18.01, Brazos County, Texas",2136,941,102,27,18,74,0,47,15,119,154,23,45,141,42,27,22,0,19,24,7,20,15,0,0
1500000US480410018012,480410018012,"Block Group 2, Census Tract 18.01, Brazos County, Texas",2171,1018,27,62,62,74,8,84,54,119,103,0,128,58,51,75,44,34,0,16,0,19,0,0,0
1500000US480410018031,480410018031,"Block Group 1, Census Tract 18.03, Brazos County, Texas",2437,1255,107,51,66,25,19,61,57,221,211,112,21,60,57,46,43,18,18,13,0,49,0,0,0
1500000US480410018032,480410018032,"Block Group 2, Census Tract 18.03, Brazos County, Texas",2621,1313,86,53,71,100,70,36,71,252,0,13,43,51,7,127,94,50,63,27,13,32,2,32,20
1500000US480410018033,480410018033,"Block Group 3, Census Tract 18.03, Brazos County, Texas",1588,729,83,35,16,0,8,71,94,103,79,59,34,21,63,0,15,0,20,0,0,11,0,0,17
1500000US480410018041,480410018041,"Block Group 1, Census Tract 18.04, Brazos County, Texas",1087,301,9,11,55,0,6,0,7,17,41,63,19,0,13,13,17,5,11,7,7,0,0,0,0
1500000US480410019001,480410019001,"Block Group 1, Census Tract 19, Brazos County, Texas",1581,823,21,69,83,20,0,0,0,34,17,0,34,32,0,101,0,53,0,21,51,55,104,93,35
1500000US480410019002,480410019002,"Block Group 2, Census Tract 19, Brazos County, Texas",989,398,73,13,43,0,0,15,12,0,61,0,16,0,0,2,20,0,0,0,13,33,22,45,30
1500000US480410019003,480410019003,"Block Group 3, Census Tract 19, Brazos County, Texas",753,453,59,44,20,0,0,0,39,51,100,0,41,11,20,16,15,0,0,13,0,0,0,14,10
1500000US480410019004,480410019004,"Block Group 4, Census Tract 19, Brazos County, Texas",1174,498,0,0,27,0,6,0,0,31,58,104,14,0,63,64,69,0,15,11,36,0,0,0,0
1500000US480410019005,480410019005,"Block Group 5, Census Tract 19, Brazos County, Texas",1130,524,28,17,17,0,21,23,0,108,86,0,15,52,0,87,0,0,34,0,0,18,18,0,0
1500000US480410020011,480410020011,"Block Group 1, Census Tract 20.01, Brazos County, Texas",2137,1217,133,109,25,23,43,29,0,217,46,83,59,34,43,129,100,24,3,14,23,36,10,24,10
1500000US480410020012,480410020012,"Block Group 2, Census Tract 20.01, Brazos County, Texas",2548,1325,75,88,118,62,15,0,12,27,44,49,52,122,63,115,92,60,84,64,35,56,47,18,27
1500000US480410020021,480410020021,"Block Group 1, Census Tract 20.02, Brazos County, Texas",1310,602,47,137,27,9,0,0,0,20,38,93,54,0,22,102,22,19,0,0,0,0,12,0,0
1500000US480410020022,480410020022,"Block Group 2, Census Tract 20.02, Brazos County, Texas",3277,1578,134,74,133,0,46,114,0,0,134,174,28,52,43,142,29,15,55,55,20,35,16,108,171
1500000US480410020023,480410020023,"Block Group 3, Census Tract 20.02, Brazos County, Texas",2125,969,0,89,69,16,0,0,56,79,111,65,52,16,62,87,109,39,29,0,13,14,34,14,15
1500000US480410020061,480410020061,"Block Group 1, Census Tract 20.06, Brazos County, Texas",1584,736,11,20,95,47,0,15,0,27,56,64,44,75,95,12,52,7,56,4,11,5,12,28,0
1500000US480410020071,480410020071,"Block Group 1, Census Tract 20.07, Brazos County, Texas",3083,1756,244,34,54,192,0,15,180,270,146,133,106,131,106,10,43,26,13,0,0,29,0,24,0
1500000US480410020072,480410020072,"Block Group 2, Census Tract 20.07, Brazos County, Texas",3889,2300,161,93,103,47,48,54,256,665,166,317,163,64,29,35,28,29,0,0,0,0,42,0,0
1500000US480410020081,480410020081,"Block Group 1, Census Tract 20.08, Brazos County, Texas",4104,2179,155,208,247,134,69,14,39,66,89,258,162,152,194,16,166,64,71,0,56,19,0,0,0
1500000US480410020082,480410020082,"Block Group 2, Census Tract 20.08, Brazos County, Texas",2645,1291,144,59,143,125,7,22,22,21,54,138,124,122,110,55,65,0,27,0,11,24,18,0,0
1500000US480410020091,480410020091,"Block Group 1, Census Tract 20.09, Brazos County, Texas",914,406,21,37,14,17,3,0,0,0,0,20,26,10,18,73,37,18,0,36,10,29,10,27,0
1500000US480410020092,480410020092,"Block Group 2, Census Tract 20.09, Brazos County, Texas",3439,1687,94,222,148,89,10,93,0,10,17,41,115,204,93,58,120,62,63,88,76,54,20,10,0
1500000US480410020101,480410020101,"Block Group 1, Census Tract 20.10, Brazos County, Texas",1186,599,32,91,17,38,14,0,0,35,10,51,27,21,41,21,93,23,11,22,16,13,23,0,0
1500000US480410020102,480410020102,"Block Group 2, Census Tract 20.10, Brazos County, Texas",1601,814,63,101,72,8,8,12,16,0,13,45,55,22,119,66,66,27,20,31,46,14,0,10,0
1500000US480410020111,480410020111,"Block Group 1, Census Tract 20.11, Brazos County, Texas",964,432,12,12,12,4,6,0,0,42,0,57,27,22,38,29,34,11,10,7,5,32,22,36,14
1500000US480410020112,480410020112,"Block Group 2, Census Tract 20.11, Brazos County, Texas",2197,1011,116,73,73,48,0,11,17,16,68,60,97,73,148,21,59,45,26,0,11,25,12,12,0
1500000US480410020121,480410020121,"Block Group 1, Census Tract 20.12, Brazos County, Texas",1374,506,0,0,0,0,132,103,83,0,84,14,0,0,17,73,0,0,0,0,0,0,0,0,0
1500000US480410020122,480410020122,"Block Group 2, Census Tract 20.12, Brazos County, Texas",2366,1117,0,0,17,0,170,394,295,126,29,16,0,21,0,49,0,0,0,0,0,0,0,0,0
1500000US480410020123,480410020123,"Block Group 3, Census Tract 20.12, Brazos County, Texas",3065,1539,0,13,0,0,113,410,266,557,95,14,0,0,16,0,44,0,0,0,0,11,0,0,0
1500000US480410020131,480410020131,"Block Group 1, Census Tract 20.13, Brazos County, Texas",3256,1246,112,78,64,48,7,10,52,71,38,83,79,139,28,29,102,106,105,8,23,37,27,0,0
1500000US480410020132,480410020132,"Block Group 2, Census Tract 20.13, Brazos County, Texas",2350,1105,81,31,52,8,4,52,223,150,111,85,0,23,92,81,52,10,11,0,14,25,0,0,0
1500000US480410020141,480410020141,"Block Group 1, Census Tract 20.14, Brazos County, Texas",809,383,23,18,6,35,5,7,26,27,7,0,36,6,0,10,10,26,48,0,28,28,20,6,11
1500000US480410020142,480410020142,"Block Group 2, Census Tract 20.14, Brazos County, Texas",819,399,10,6,0,0,30,110,168,21,31,0,11,0,0,0,0,0,6,0,0,0,6,0,0
1500000US480410020151,480410020151,"Block Group 1, Census Tract 20.15, Brazos County, Texas",9344,5718,0,0,0,12,3877,825,606,348,26,14,0,0,0,0,0,10,0,0,0,0,0,0,0
1500000US480419800001,480419800001,"Block Group 1, Census Tract 9800, Brazos County, Texas",4,4,0,0,0,0,4,0,0,0,0,0,0,0,0,0,0,0,0,0,0,0,0,0,0
