GEO.id,GEO.id2,GEO.display-label,HD01_VD02,HD01_VD03,HD01_VD04
Id,Id2,Geography,Estimate; Median age -- - Total:,Estimate; Median age -- - Male,Estimate; Median age -- - Female
1500000US480410001011,480410001011,"Block Group 1, Census Tract 1.01, Brazos County, Texas",35.6,34.3,39.4
1500000US480410001012,480410001012,"Block Group 2, Census Tract 1.01, Brazos County, Texas",41.4,48.3,38.1
1500000US480410001013,480410001013,"Block Group 3, Census Tract 1.01, Brazos County, Texas",30.8,31.6,27.5
1500000US480410001014,480410001014,"Block Group 4, Census Tract 1.01, Brazos County, Texas",38.0,29.4,44.9
1500000US480410001021,480410001021,"Block Group 1, Census Tract 1.02, Brazos County, Texas",38.2,36.0,43.5
1500000US480410001022,480410001022,"Block Group 2, Census Tract 1.02, Brazos County, Texas",36.8,37.8,36.3
1500000US480410001031,480410001031,"Block Group 1, Census Tract 1.03, Brazos County, Texas",43.0,38.5,44.0
1500000US480410002011,480410002011,"Block Group 1, Census Tract 2.01, Brazos County, Texas",23.3,20.8,29.9
1500000US480410002012,480410002012,"Block Group 2, Census Tract 2.01, Brazos County, Texas",34.1,34.4,31.5
1500000US480410002013,480410002013,"Block Group 3, Census Tract 2.01, Brazos County, Texas",25.8,25.7,28.4
1500000US480410002014,480410002014,"Block Group 4, Census Tract 2.01, Brazos County, Texas",29.1,26.7,32.4
1500000US480410002021,480410002021,"Block Group 1, Census Tract 2.02, Brazos County, Texas",35.7,33.8,37.8
1500000US480410002022,480410002022,"Block Group 2, Census Tract 2.02, Brazos County, Texas",25.0,23.8,26.1
1500000US480410002023,480410002023,"Block Group 3, Census Tract 2.02, Brazos County, Texas",42.4,49.3,27.7
1500000US480410002024,480410002024,"Block Group 4, Census Tract 2.02, Brazos County, Texas",32.5,33.8,27.9
1500000US480410002025,480410002025,"Block Group 5, Census Tract 2.02, Brazos County, Texas",49.3,49.7,48.6
1500000US480410003001,480410003001,"Block Group 1, Census Tract 3, Brazos County, Texas",29.8,22.9,35.4
1500000US480410003002,480410003002,"Block Group 2, Census Tract 3, Brazos County, Texas",25.7,22.6,27.7
1500000US480410003003,480410003003,"Block Group 3, Census Tract 3, Brazos County, Texas",26.1,23.1,30.2
1500000US480410003004,480410003004,"Block Group 4, Census Tract 3, Brazos County, Texas",29.7,29.6,30.7
1500000US480410004001,480410004001,"Block Group 1, Census Tract 4, Brazos County, Texas",43.1,42.7,43.5
1500000US480410004002,480410004002,"Block Group 2, Census Tract 4, Brazos County, Texas",30.6,26.1,35.8
1500000US480410004003,480410004003,"Block Group 3, Census Tract 4, Brazos County, Texas",37.2,,37.0
1500000US480410004004,480410004004,"Block Group 4, Census Tract 4, Brazos County, Texas",26.8,28.8,24.7
1500000US480410005001,480410005001,"Block Group 1, Census Tract 5, Brazos County, Texas",28.3,29.0,25.1
1500000US480410005002,480410005002,"Block Group 2, Census Tract 5, Brazos County, Texas",32.5,32.9,30.7
1500000US480410005003,480410005003,"Block Group 3, Census Tract 5, Brazos County, Texas",32.9,32.3,37.0
1500000US480410005004,480410005004,"Block Group 4, Census Tract 5, Brazos County, Texas",25.9,34.1,25.1
1500000US480410005005,480410005005,"Block Group 5, Census Tract 5, Brazos County, Texas",22.3,22.8,21.9
1500000US480410006031,480410006031,"Block Group 1, Census Tract 6.03, Brazos County, Texas",40.9,41.1,38.2
1500000US480410006032,480410006032,"Block Group 2, Census Tract 6.03, Brazos County, Texas",37.7,37.1,37.9
1500000US480410006033,480410006033,"Block Group 3, Census Tract 6.03, Brazos County, Texas",38.2,20.6,44.2
1500000US480410006034,480410006034,"Block Group 4, Census Tract 6.03, Brazos County, Texas",27.8,26.9,29.3
1500000US480410006041,480410006041,"Block Group 1, Census Tract 6.04, Brazos County, Texas",28.1,28.2,26.0
1500000US480410006042,480410006042,"Block Group 2, Census Tract 6.04, Brazos County, Texas",21.9,15.9,32.3
1500000US480410006043,480410006043,"Block Group 3, Census Tract 6.04, Brazos County, Texas",24.7,22.3,26.6
1500000US480410006044,480410006044,"Block Group 4, Census Tract 6.04, Brazos County, Texas",24.3,24.5,23.1
1500000US480410007001,480410007001,"Block Group 1, Census Tract 7, Brazos County, Texas",23.2,27.1,15.3
1500000US480410007002,480410007002,"Block Group 2, Census Tract 7, Brazos County, Texas",44.3,38.0,48.0
1500000US480410007003,480410007003,"Block Group 3, Census Tract 7, Brazos County, Texas",28.4,25.5,28.9
1500000US480410007004,480410007004,"Block Group 4, Census Tract 7, Brazos County, Texas",40.7,40.3,42.4
1500000US480410008001,480410008001,"Block Group 1, Census Tract 8, Brazos County, Texas",49.1,49.4,45.5
1500000US480410008002,480410008002,"Block Group 2, Census Tract 8, Brazos County, Texas",45.4,52.5,44.9
1500000US480410008003,480410008003,"Block Group 3, Census Tract 8, Brazos County, Texas",30.2,29.3,31.7
1500000US480410008004,480410008004,"Block Group 4, Census Tract 8, Brazos County, Texas",40.4,40.7,36.7
1500000US480410009001,480410009001,"Block Group 1, Census Tract 9, Brazos County, Texas",30.7,31.4,30.0
1500000US480410009002,480410009002,"Block Group 2, Census Tract 9, Brazos County, Texas",27.7,25.4,31.7
1500000US480410010001,480410010001,"Block Group 1, Census Tract 10, Brazos County, Texas",25.4,22.8,25.6
1500000US480410010002,480410010002,"Block Group 2, Census Tract 10, Brazos County, Texas",23.8,25.4,23.3
1500000US480410010003,480410010003,"Block Group 3, Census Tract 10, Brazos County, Texas",21.6,21.8,21.3
1500000US480410010004,480410010004,"Block Group 4, Census Tract 10, Brazos County, Texas",22.6,21.4,34.7
1500000US480410011001,480410011001,"Block Group 1, Census Tract 11, Brazos County, Texas",23.6,24.2,23.3
1500000US480410011002,480410011002,"Block Group 2, Census Tract 11, Brazos County, Texas",35.6,40.9,25.8
1500000US480410011003,480410011003,"Block Group 3, Census Tract 11, Brazos County, Texas",43.2,35.5,50.4
1500000US480410011004,480410011004,"Block Group 4, Census Tract 11, Brazos County, Texas",44.1,38.7,44.8
1500000US480410013011,480410013011,"Block Group 1, Census Tract 13.01, Brazos County, Texas",22.9,24.3,21.7
1500000US480410013012,480410013012,"Block Group 2, Census Tract 13.01, Brazos County, Texas",27.4,26.6,28.0
1500000US480410013021,480410013021,"Block Group 1, Census Tract 13.02, Brazos County, Texas",22.7,22.6,22.9
1500000US480410013022,480410013022,"Block Group 2, Census Tract 13.02, Brazos County, Texas",28.8,28.5,29.2
1500000US480410013023,480410013023,"Block Group 3, Census Tract 13.02, Brazos County, Texas",23.0,22.3,25.4
1500000US480410013031,480410013031,"Block Group 1, Census Tract 13.03, Brazos County, Texas",23.4,24.3,20.9
1500000US480410013032,480410013032,"Block Group 2, Census Tract 13.03, Brazos County, Texas",23.2,23.2,23.0
1500000US480410013033,480410013033,"Block Group 3, Census Tract 13.03, Brazos County, Texas",21.1,22.7,19.7
1500000US480410013034,480410013034,"Block Group 4, Census Tract 13.03, Brazos County, Texas",22.0,21.8,25.8
1500000US480410014001,480410014001,"Block Group 1, Census Tract 14, Brazos County, Texas",24.2,20.9,24.2
1500000US480410014002,480410014002,"Block Group 2, Census Tract 14, Brazos County, Texas",23.5,23.5,23.0
1500000US480410014003,480410014003,"Block Group 3, Census Tract 14, Brazos County, Texas",20.0,19.8,21.2
1500000US480410016011,480410016011,"Block Group 1, Census Tract 16.01, Brazos County, Texas",23.4,24.8,22.7
1500000US480410016012,480410016012,"Block Group 2, Census Tract 16.01, Brazos County, Texas",21.5,21.4,21.8
1500000US480410016013,480410016013,"Block Group 3, Census Tract 16.01, Brazos County, Texas",22.1,22.6,22.0
1500000US480410016041,480410016041,"Block Group 1, Census Tract 16.04, Brazos County, Texas",26.6,27.3,25.6
1500000US480410016042,480410016042,"Block Group 2, Census Tract 16.04, Brazos County, Texas",25.9,24.8,48.7
1500000US480410016043,480410016043,"Block Group 3, Census Tract 16.04, Brazos County, Texas",21.8,22.0,21.7
1500000US480410016051,480410016051,"Block Group 1, Census Tract 16.05, Brazos County, Texas",24.4,26.1,23.0
1500000US480410016052,480410016052,"Block Group 2, Census Tract 16.05, Brazos County, Texas",22.5,22.2,23.4
1500000US480410016061,480410016061,"Block Group 1, Census Tract 16.06, Brazos County, Texas",24.3,24.7,23.5
1500000US480410016062,480410016062,"Block Group 2, Census Tract 16.06, Brazos County, Texas",23.0,24.1,21.7
1500000US480410017011,480410017011,"Block Group 1, Census Tract 17.01, Brazos County, Texas",21.3,21.5,21.2
1500000US480410017012,480410017012,"Block Group 2, Census Tract 17.01, Brazos County, Texas",23.7,23.7,23.7
1500000US480410017013,480410017013,"Block Group 3, Census Tract 17.01, Brazos County, Texas",22.4,21.6,22.8
1500000US480410017021,480410017021,"Block Group 1, Census Tract 17.02, Brazos County, Texas",23.4,23.0,26.3
1500000US480410017022,480410017022,"Block Group 2, Census Tract 17.02, Brazos County, Texas",20.8,16.2,21.8
1500000US480410018011,480410018011,"Block Group 1, Census Tract 18.01, Brazos County, Texas",26.0,29.2,25.3
1500000US480410018012,480410018012,"Block Group 2, Census Tract 18.01, Brazos County, Texas",33.8,25.7,37.1
1500000US480410018031,480410018031,"Block Group 1, Census Tract 18.03, Brazos County, Texas",26.2,25.4,26.6
1500000US480410018032,480410018032,"Block Group 2, Census Tract 18.03, Brazos County, Texas",31.5,22.7,35.9
1500000US480410018033,480410018033,"Block Group 3, Census Tract 18.03, Brazos County, Texas",22.8,22.6,22.9
1500000US480410018041,480410018041,"Block Group 1, Census Tract 18.04, Brazos County, Texas",25.3,30.5,23.7
1500000US480410019001,480410019001,"Block Group 1, Census Tract 19, Brazos County, Texas",61.3,61.0,61.9
1500000US480410019002,480410019002,"Block Group 2, Census Tract 19, Brazos County, Texas",60.1,27.4,70.2
1500000US480410019003,480410019003,"Block Group 3, Census Tract 19, Brazos County, Texas",25.8,25.3,27.9
1500000US480410019004,480410019004,"Block Group 4, Census Tract 19, Brazos County, Texas",44.3,46.2,43.8
1500000US480410019005,480410019005,"Block Group 5, Census Tract 19, Brazos County, Texas",26.5,25.9,26.6
1500000US480410020011,480410020011,"Block Group 1, Census Tract 20.01, Brazos County, Texas",33.2,28.4,36.3
1500000US480410020012,480410020012,"Block Group 2, Census Tract 20.01, Brazos County, Texas",46.3,44.9,48.4
1500000US480410020021,480410020021,"Block Group 1, Census Tract 20.02, Brazos County, Texas",33.5,32.3,38.1
1500000US480410020022,480410020022,"Block Group 2, Census Tract 20.02, Brazos County, Texas",38.3,33.9,39.0
1500000US480410020023,480410020023,"Block Group 3, Census Tract 20.02, Brazos County, Texas",33.8,34.0,31.4
1500000US480410020061,480410020061,"Block Group 1, Census Tract 20.06, Brazos County, Texas",39.7,38.7,40.0
1500000US480410020071,480410020071,"Block Group 1, Census Tract 20.07, Brazos County, Texas",24.6,24.6,25.5
1500000US480410020072,480410020072,"Block Group 2, Census Tract 20.07, Brazos County, Texas",23.5,23.1,25.6
1500000US480410020081,480410020081,"Block Group 1, Census Tract 20.08, Brazos County, Texas",31.8,30.9,32.4
1500000US480410020082,480410020082,"Block Group 2, Census Tract 20.08, Brazos County, Texas",34.1,32.4,34.6
1500000US480410020091,480410020091,"Block Group 1, Census Tract 20.09, Brazos County, Texas",50.6,53.5,49.4
1500000US480410020092,480410020092,"Block Group 2, Census Tract 20.09, Brazos County, Texas",41.0,41.5,39.9
1500000US480410020101,480410020101,"Block Group 1, Census Tract 20.10, Brazos County, Texas",41.1,37.4,41.7
1500000US480410020102,480410020102,"Block Group 2, Census Tract 20.10, Brazos County, Texas",40.0,42.3,37.4
1500000US480410020111,480410020111,"Block Group 1, Census Tract 20.11, Brazos County, Texas",40.8,48.9,39.4
1500000US480410020112,480410020112,"Block Group 2, Census Tract 20.11, Brazos County, Texas",31.2,37.5,27.2
1500000US480410020121,480410020121,"Block Group 1, Census Tract 20.12, Brazos County, Texas",20.7,21.2,20.5
1500000US480410020122,480410020122,"Block Group 2, Census Tract 20.12, Brazos County, Texas",21.3,20.9,21.7
1500000US480410020123,480410020123,"Block Group 3, Census Tract 20.12, Brazos County, Texas",21.2,21.9,20.9
1500000US480410020131,480410020131,"Block Group 1, Census Tract 20.13, Brazos County, Texas",26.2,38.7,21.7
1500000US480410020132,480410020132,"Block Group 2, Census Tract 20.13, Brazos County, Texas",24.4,24.1,24.7
1500000US480410020141,480410020141,"Block Group 1, Census Tract 20.14, Brazos County, Texas",49.0,44.3,49.7
1500000US480410020142,480410020142,"Block Group 2, Census Tract 20.14, Brazos County, Texas",21.2,21.3,20.9
1500000US480410020151,480410020151,"Block Group 1, Census Tract 20.15, Brazos County, Texas",19.4,19.5,19.3
1500000US480419800001,480419800001,"Block Group 1, Census Tract 9800, Brazos County, Texas",,,
