<metadata xml:lang="en"><Esri><CreaDate>20150629</CreaDate><CreaTime>09442400</CreaTime><SyncOnce>FALSE</SyncOnce><DataProperties><lineage><Process Name="DeleteField_1" ToolSource="C:\Program Files\ArcGIS\ArcToolbox\Toolboxes\Data Management Tools.tbx\DeleteField" Date="20080516" Time="112409">DeleteField "C:\Documents and Settings\dsudduth\My Documents\GIS_LAYERS_EXTRA\PARCEL_ZONING_JOINCopy.shp" PROPNOSRCH;MAPNUMBER;OWNERNAME;OADDR1;OADDR2;OADDR3;OWNERCITY;OWNERSTATE;OWNERZIP;TOTALVALUE;LANDVALUE;IMPVALUE;SITUS;SITUSSNO;SITUSPRDIR;SITUSSNM;SITUSPODIR;SITUSSTP;SITUSAPT;LEGAL;LEGALLOC;DEEDDATE;DEEDBOOK;DEEDPAGE;YEARBUILT;SALETYPE;IMPCLASS;APPRMETHOD;LANDSIZEFT;LANDSIZEAC;MATOTAL;IMPSIZEFT;IMPSIZEAC;SPTB;NBHDCODE;PROPCODE;LUNITVALUE;LFUNCPRCT;LFUNCCODE;LECONPRCT;LAREAFCTR;LANDTABLE;IUNITVALUE;IFUNCPRCT;IFUNCCODE;IECONPRCT;IAREAFCTR;TAXUNITS;EXEMPTIONS;StatusCode;Shape_area;Shape_len;OBJECTID;SHAPE_ar_1;SHAPE_le_1 "C:\Documents and Settings\dsudduth\My Documents\GIS_LAYERS_EXTRA\PARCEL_ZONING_JOINCopy.shp"</Process><Process Name="FeatureClassToFeatureClass_2" ToolSource="C:\Program Files\ArcGIS\ArcToolbox\Toolboxes\Conversion Tools.tbx\FeatureClassToFeatureClass" Date="20080520" Time="133507">FeatureClassToFeatureClass "G:\GIS_PROJECTS\ENGINEERING PROJECTS\MAPPING\Zoning\PARCEL_ZONING_JOIN_CORRECTED.shp" "C:\Documents and Settings\dsudduth\My Documents\GIS_LAYERS_EXTRA\Zoning_Test.mdb" Zoning_Test # "PROP_ID PROP_ID true false false 7 Text 0 0 ,First,#,G:\GIS_PROJECTS\ENGINEERING PROJECTS\MAPPING\Zoning\PARCEL_ZONING_JOIN_CORRECTED.shp,PROP_ID_1,-1,-1;ZONING ZONING true false false 10 Text 0 0 ,First,#,G:\GIS_PROJECTS\ENGINEERING PROJECTS\MAPPING\Zoning\PARCEL_ZONING_JOIN_CORRECTED.shp,ZONING,-1,-1;ZONING_DES ZONING_DES true false false 50 Text 0 0 ,First,#,G:\GIS_PROJECTS\ENGINEERING PROJECTS\MAPPING\Zoning\PARCEL_ZONING_JOIN_CORRECTED.shp,ZONING_DES,-1,-1;ACRES ACRES true false false 19 Double 2 18 ,First,#,G:\GIS_PROJECTS\ENGINEERING PROJECTS\MAPPING\Zoning\PARCEL_ZONING_JOIN_CORRECTED.shp,ACRES,-1,-1;FRNT_SETBK FRNT_SETBK true false false 25 Text 0 0 ,First,#,G:\GIS_PROJECTS\ENGINEERING PROJECTS\MAPPING\Zoning\PARCEL_ZONING_JOIN_CORRECTED.shp,FRNT_SETBK,-1,-1;SIDE_SETBK SIDE_SETBK true false false 25 Text 0 0 ,First,#,G:\GIS_PROJECTS\ENGINEERING PROJECTS\MAPPING\Zoning\PARCEL_ZONING_JOIN_CORRECTED.shp,SIDE_SETBK,-1,-1;SD_STR_ART SD_STR_ART true false false 25 Text 0 0 ,First,#,G:\GIS_PROJECTS\ENGINEERING PROJECTS\MAPPING\Zoning\PARCEL_ZONING_JOIN_CORRECTED.shp,SD_STR_ART,-1,-1;SIDE_STRT SIDE_STRT true false false 30 Text 0 0 ,First,#,G:\GIS_PROJECTS\ENGINEERING PROJECTS\MAPPING\Zoning\PARCEL_ZONING_JOIN_CORRECTED.shp,SIDE_STRT,-1,-1;REAR_SETBK REAR_SETBK true false false 25 Text 0 0 ,First,#,G:\GIS_PROJECTS\ENGINEERING PROJECTS\MAPPING\Zoning\PARCEL_ZONING_JOIN_CORRECTED.shp,REAR_SETBK,-1,-1;LOT_COVER LOT_COVER true false false 25 Text 0 0 ,First,#,G:\GIS_PROJECTS\ENGINEERING PROJECTS\MAPPING\Zoning\PARCEL_ZONING_JOIN_CORRECTED.shp,LOT_COVER,-1,-1;MIN_LOT_SZ MIN_LOT_SZ true false false 25 Text 0 0 ,First,#,G:\GIS_PROJECTS\ENGINEERING PROJECTS\MAPPING\Zoning\PARCEL_ZONING_JOIN_CORRECTED.shp,MIN_LOT_SZ,-1,-1;MIN_LOT_WD MIN_LOT_WD true false false 25 Text 0 0 ,First,#,G:\GIS_PROJECTS\ENGINEERING PROJECTS\MAPPING\Zoning\PARCEL_ZONING_JOIN_CORRECTED.shp,MIN_LOT_WD,-1,-1;MIN_LOT_DP MIN_LOT_DP true false false 25 Text 0 0 ,First,#,G:\GIS_PROJECTS\ENGINEERING PROJECTS\MAPPING\Zoning\PARCEL_ZONING_JOIN_CORRECTED.shp,MIN_LOT_DP,-1,-1;MAX_HGHT MAX_HGHT true false false 25 Text 0 0 ,First,#,G:\GIS_PROJECTS\ENGINEERING PROJECTS\MAPPING\Zoning\PARCEL_ZONING_JOIN_CORRECTED.shp,MAX_HGHT,-1,-1;IMS_LINK IMS_LINK true false false 75 Text 0 0 ,First,#,G:\GIS_PROJECTS\ENGINEERING PROJECTS\MAPPING\Zoning\PARCEL_ZONING_JOIN_CORRECTED.shp,IMS_LINK,-1,-1;ORD_NO ORD_NO true false false 10 Text 0 0 ,First,#,G:\GIS_PROJECTS\ENGINEERING PROJECTS\MAPPING\Zoning\PARCEL_ZONING_JOIN_CORRECTED.shp,ORD_NO,-1,-1" # "C:\Documents and Settings\dsudduth\My Documents\GIS_LAYERS_EXTRA\Zoning_Test.mdb\Zoning_Test"</Process><Process Name="FeatureClassToFeatureClass_1" ToolSource="C:\Program Files\ArcGIS\ArcToolbox\Toolboxes\Conversion Tools.tbx\FeatureClassToFeatureClass" Date="20080520" Time="133754">FeatureClassToFeatureClass "C:\Documents and Settings\dsudduth\My Documents\GIS_LAYERS_EXTRA\Zoning_Test.mdb\Zoning_Test" "C:\Documents and Settings\dsudduth\My Documents\GIS_LAYERS_EXTRA\Zoning_Test.mdb\Zoning" Zoning_Corrected # "PROP_ID PROP_ID true true false 7 Text 0 0 ,First,#,C:\Documents and Settings\dsudduth\My Documents\GIS_LAYERS_EXTRA\Zoning_Test.mdb\Zoning_Test,PROP_ID,-1,-1;ZONING ZONING true true false 10 Text 0 0 ,First,#,C:\Documents and Settings\dsudduth\My Documents\GIS_LAYERS_EXTRA\Zoning_Test.mdb\Zoning_Test,ZONING,-1,-1;ZONING_DES ZONING_DES true true false 50 Text 0 0 ,First,#,C:\Documents and Settings\dsudduth\My Documents\GIS_LAYERS_EXTRA\Zoning_Test.mdb\Zoning_Test,ZONING_DES,-1,-1;ACRES ACRES true true false 8 Double 0 0 ,First,#,C:\Documents and Settings\dsudduth\My Documents\GIS_LAYERS_EXTRA\Zoning_Test.mdb\Zoning_Test,ACRES,-1,-1;FRNT_SETBK FRNT_SETBK true true false 25 Text 0 0 ,First,#,C:\Documents and Settings\dsudduth\My Documents\GIS_LAYERS_EXTRA\Zoning_Test.mdb\Zoning_Test,FRNT_SETBK,-1,-1;SIDE_SETBK SIDE_SETBK true true false 25 Text 0 0 ,First,#,C:\Documents and Settings\dsudduth\My Documents\GIS_LAYERS_EXTRA\Zoning_Test.mdb\Zoning_Test,SIDE_SETBK,-1,-1;SD_STR_ART SD_STR_ART true true false 25 Text 0 0 ,First,#,C:\Documents and Settings\dsudduth\My Documents\GIS_LAYERS_EXTRA\Zoning_Test.mdb\Zoning_Test,SD_STR_ART,-1,-1;SIDE_STRT SIDE_STRT true true false 30 Text 0 0 ,First,#,C:\Documents and Settings\dsudduth\My Documents\GIS_LAYERS_EXTRA\Zoning_Test.mdb\Zoning_Test,SIDE_STRT,-1,-1;REAR_SETBK REAR_SETBK true true false 25 Text 0 0 ,First,#,C:\Documents and Settings\dsudduth\My Documents\GIS_LAYERS_EXTRA\Zoning_Test.mdb\Zoning_Test,REAR_SETBK,-1,-1;LOT_COVER LOT_COVER true true false 25 Text 0 0 ,First,#,C:\Documents and Settings\dsudduth\My Documents\GIS_LAYERS_EXTRA\Zoning_Test.mdb\Zoning_Test,LOT_COVER,-1,-1;MIN_LOT_SZ MIN_LOT_SZ true true false 25 Text 0 0 ,First,#,C:\Documents and Settings\dsudduth\My Documents\GIS_LAYERS_EXTRA\Zoning_Test.mdb\Zoning_Test,MIN_LOT_SZ,-1,-1;MIN_LOT_WD MIN_LOT_WD true true false 25 Text 0 0 ,First,#,C:\Documents and Settings\dsudduth\My Documents\GIS_LAYERS_EXTRA\Zoning_Test.mdb\Zoning_Test,MIN_LOT_WD,-1,-1;MIN_LOT_DP MIN_LOT_DP true true false 25 Text 0 0 ,First,#,C:\Documents and Settings\dsudduth\My Documents\GIS_LAYERS_EXTRA\Zoning_Test.mdb\Zoning_Test,MIN_LOT_DP,-1,-1;MAX_HGHT MAX_HGHT true true false 25 Text 0 0 ,First,#,C:\Documents and Settings\dsudduth\My Documents\GIS_LAYERS_EXTRA\Zoning_Test.mdb\Zoning_Test,MAX_HGHT,-1,-1;IMS_LINK IMS_LINK true true false 75 Text 0 0 ,First,#,C:\Documents and Settings\dsudduth\My Documents\GIS_LAYERS_EXTRA\Zoning_Test.mdb\Zoning_Test,IMS_LINK,-1,-1;ORD_NO ORD_NO true true false 10 Text 0 0 ,First,#,C:\Documents and Settings\dsudduth\My Documents\GIS_LAYERS_EXTRA\Zoning_Test.mdb\Zoning_Test,ORD_NO,-1,-1;Shape_Length Shape_Length false true true 8 Double 0 0 ,First,#,C:\Documents and Settings\dsudduth\My Documents\GIS_LAYERS_EXTRA\Zoning_Test.mdb\Zoning_Test,Shape_Length,-1,-1;Shape_Area Shape_Area false true true 8 Double 0 0 ,First,#,C:\Documents and Settings\dsudduth\My Documents\GIS_LAYERS_EXTRA\Zoning_Test.mdb\Zoning_Test,Shape_Area,-1,-1" # "C:\Documents and Settings\dsudduth\My Documents\GIS_LAYERS_EXTRA\Zoning_Test.mdb\Zoning\Zoning_Corrected"</Process><Process Name="FeatureClassToFeatureClass_7" ToolSource="C:\Program Files\ArcGIS\ArcToolbox\Toolboxes\Conversion Tools.tbx\FeatureClassToFeatureClass" Date="20080610" Time="100944">FeatureClassToFeatureClass "G:\GIS_PROJECTS\ENGINEERING PROJECTS\MAPPING\Zoning\Zoning_Test_May2008.mdb\Zoning\Zoning_Corrected" "Database Connections\cobsde@gis_admin.sde\sde.GIS_ADMIN.COB_ZONING" COB_ZONING # "PROP_ID PROP_ID true true false 7 Text 0 0 ,First,#,G:\GIS_PROJECTS\ENGINEERING PROJECTS\MAPPING\Zoning\Zoning_Test_May2008.mdb\Zoning\Zoning_Corrected,PROP_ID,-1,-1;ZONING ZONING true true false 10 Text 0 0 ,First,#,G:\GIS_PROJECTS\ENGINEERING PROJECTS\MAPPING\Zoning\Zoning_Test_May2008.mdb\Zoning\Zoning_Corrected,ZONING,-1,-1;ZONING_DES ZONING_DES true true false 50 Text 0 0 ,First,#,G:\GIS_PROJECTS\ENGINEERING PROJECTS\MAPPING\Zoning\Zoning_Test_May2008.mdb\Zoning\Zoning_Corrected,ZONING_DES,-1,-1;ACRES ACRES true true false 8 Double 0 0 ,First,#,G:\GIS_PROJECTS\ENGINEERING PROJECTS\MAPPING\Zoning\Zoning_Test_May2008.mdb\Zoning\Zoning_Corrected,ACRES,-1,-1;FRNT_SETBK FRNT_SETBK true true false 25 Text 0 0 ,First,#,G:\GIS_PROJECTS\ENGINEERING PROJECTS\MAPPING\Zoning\Zoning_Test_May2008.mdb\Zoning\Zoning_Corrected,FRNT_SETBK,-1,-1;SIDE_SETBK SIDE_SETBK true true false 25 Text 0 0 ,First,#,G:\GIS_PROJECTS\ENGINEERING PROJECTS\MAPPING\Zoning\Zoning_Test_May2008.mdb\Zoning\Zoning_Corrected,SIDE_SETBK,-1,-1;SD_STR_ART SD_STR_ART true true false 25 Text 0 0 ,First,#,G:\GIS_PROJECTS\ENGINEERING PROJECTS\MAPPING\Zoning\Zoning_Test_May2008.mdb\Zoning\Zoning_Corrected,SD_STR_ART,-1,-1;SIDE_STRT SIDE_STRT true true false 30 Text 0 0 ,First,#,G:\GIS_PROJECTS\ENGINEERING PROJECTS\MAPPING\Zoning\Zoning_Test_May2008.mdb\Zoning\Zoning_Corrected,SIDE_STRT,-1,-1;REAR_SETBK REAR_SETBK true true false 25 Text 0 0 ,First,#,G:\GIS_PROJECTS\ENGINEERING PROJECTS\MAPPING\Zoning\Zoning_Test_May2008.mdb\Zoning\Zoning_Corrected,REAR_SETBK,-1,-1;LOT_COVER LOT_COVER true true false 25 Text 0 0 ,First,#,G:\GIS_PROJECTS\ENGINEERING PROJECTS\MAPPING\Zoning\Zoning_Test_May2008.mdb\Zoning\Zoning_Corrected,LOT_COVER,-1,-1;MIN_LOT_SZ MIN_LOT_SZ true true false 25 Text 0 0 ,First,#,G:\GIS_PROJECTS\ENGINEERING PROJECTS\MAPPING\Zoning\Zoning_Test_May2008.mdb\Zoning\Zoning_Corrected,MIN_LOT_SZ,-1,-1;MIN_LOT_WD MIN_LOT_WD true true false 25 Text 0 0 ,First,#,G:\GIS_PROJECTS\ENGINEERING PROJECTS\MAPPING\Zoning\Zoning_Test_May2008.mdb\Zoning\Zoning_Corrected,MIN_LOT_WD,-1,-1;MIN_LOT_DP MIN_LOT_DP true true false 25 Text 0 0 ,First,#,G:\GIS_PROJECTS\ENGINEERING PROJECTS\MAPPING\Zoning\Zoning_Test_May2008.mdb\Zoning\Zoning_Corrected,MIN_LOT_DP,-1,-1;MAX_HGHT MAX_HGHT true true false 25 Text 0 0 ,First,#,G:\GIS_PROJECTS\ENGINEERING PROJECTS\MAPPING\Zoning\Zoning_Test_May2008.mdb\Zoning\Zoning_Corrected,MAX_HGHT,-1,-1;IMS_LINK IMS_LINK true true false 75 Text 0 0 ,First,#,G:\GIS_PROJECTS\ENGINEERING PROJECTS\MAPPING\Zoning\Zoning_Test_May2008.mdb\Zoning\Zoning_Corrected,IMS_LINK,-1,-1;ORD_NO ORD_NO true true false 10 Text 0 0 ,First,#,G:\GIS_PROJECTS\ENGINEERING PROJECTS\MAPPING\Zoning\Zoning_Test_May2008.mdb\Zoning\Zoning_Corrected,ORD_NO,-1,-1;Shape_Length Shape_Length false true true 8 Double 0 0 ,First,#,G:\GIS_PROJECTS\ENGINEERING PROJECTS\MAPPING\Zoning\Zoning_Test_May2008.mdb\Zoning\Zoning_Corrected,Shape_Length,-1,-1;Shape_Area Shape_Area false true true 8 Double 0 0 ,First,#,G:\GIS_PROJECTS\ENGINEERING PROJECTS\MAPPING\Zoning\Zoning_Test_May2008.mdb\Zoning\Zoning_Corrected,Shape_Area,-1,-1" # "Database Connections\cobsde@gis_admin.sde\sde.GIS_ADMIN.COB_ZONING\sde.GIS_ADMIN.COB_ZONING"</Process><Process Name="AssignDomainToField_2" ToolSource="C:\Program Files\ArcGIS\ArcToolbox\Toolboxes\Data Management Tools.tbx\AssignDomainToField" Date="20080612" Time="104157">AssignDomainToField "Database Connections\cobsde@SDE.sde\sde.GIS_ADMIN.COB_ZONING\sde.GIS_ADMIN.COB_ZONING" ZONING "ZONING TYPE" # "Database Connections\cobsde@SDE.sde\sde.GIS_ADMIN.COB_ZONING\sde.GIS_ADMIN.COB_ZONING"</Process><Process Name="AssignDomainToField_3" ToolSource="C:\Program Files\ArcGIS\ArcToolbox\Toolboxes\Data Management Tools.tbx\AssignDomainToField" Date="20080612" Time="114021">AssignDomainToField "Database Connections\cobsde@SDE.sde\sde.GIS_ADMIN.COB_ZONING\sde.GIS_ADMIN.COB_ZONING" ZONING_DES "ZONING DESCRIPTION" # "Database Connections\cobsde@SDE.sde\sde.GIS_ADMIN.COB_ZONING\sde.GIS_ADMIN.COB_ZONING"</Process><Process Name="AssignDomainToField_4" ToolSource="C:\Program Files\ArcGIS\ArcToolbox\Toolboxes\Data Management Tools.tbx\AssignDomainToField" Date="20080612" Time="114202">AssignDomainToField "Database Connections\cobsde@SDE.sde\sde.GIS_ADMIN.COB_ZONING\sde.GIS_ADMIN.COB_ZONING" FRNT_SETBK ZONING_FRT_SETBACK # "Database Connections\cobsde@SDE.sde\sde.GIS_ADMIN.COB_ZONING\sde.GIS_ADMIN.COB_ZONING"</Process><Process Name="AssignDomainToField_5" ToolSource="C:\Program Files\ArcGIS\ArcToolbox\Toolboxes\Data Management Tools.tbx\AssignDomainToField" Date="20080612" Time="135137">AssignDomainToField "Database Connections\cobsde@SDE.sde\sde.GIS_ADMIN.COB_ZONING\sde.GIS_ADMIN.COB_ZONING" SIDE_SETBK "ZONING SIDE SETBACK" # "Database Connections\cobsde@SDE.sde\sde.GIS_ADMIN.COB_ZONING\sde.GIS_ADMIN.COB_ZONING"</Process><Process Name="AssignDomainToField_6" ToolSource="C:\Program Files\ArcGIS\ArcToolbox\Toolboxes\Data Management Tools.tbx\AssignDomainToField" Date="20080612" Time="135305">AssignDomainToField "Database Connections\cobsde@SDE.sde\sde.GIS_ADMIN.COB_ZONING\sde.GIS_ADMIN.COB_ZONING" SIDE_SETBK "ZONING SIDE SETBACK" # "Database Connections\cobsde@SDE.sde\sde.GIS_ADMIN.COB_ZONING\sde.GIS_ADMIN.COB_ZONING"</Process><Process Name="AssignDomainToField_7" ToolSource="C:\Program Files\ArcGIS\ArcToolbox\Toolboxes\Data Management Tools.tbx\AssignDomainToField" Date="20080612" Time="135550">AssignDomainToField "Database Connections\cobsde@SDE.sde\sde.GIS_ADMIN.COB_ZONING\sde.GIS_ADMIN.COB_ZONING" SD_STR_ART "ZONING SIDE STR ARTERIAL SETBACK" # "Database Connections\cobsde@SDE.sde\sde.GIS_ADMIN.COB_ZONING\sde.GIS_ADMIN.COB_ZONING"</Process><Process Name="AssignDomainToField_8" ToolSource="C:\Program Files\ArcGIS\ArcToolbox\Toolboxes\Data Management Tools.tbx\AssignDomainToField" Date="20080612" Time="135759">AssignDomainToField "Database Connections\cobsde@SDE.sde\sde.GIS_ADMIN.COB_ZONING\sde.GIS_ADMIN.COB_ZONING" SIDE_STRT "ZONING SIDE STREET SETBACK" # "Database Connections\cobsde@SDE.sde\sde.GIS_ADMIN.COB_ZONING\sde.GIS_ADMIN.COB_ZONING"</Process><Process Name="AssignDomainToField_9" ToolSource="C:\Program Files\ArcGIS\ArcToolbox\Toolboxes\Data Management Tools.tbx\AssignDomainToField" Date="20080612" Time="135850">AssignDomainToField "Database Connections\cobsde@SDE.sde\sde.GIS_ADMIN.COB_ZONING\sde.GIS_ADMIN.COB_ZONING" REAR_SETBK "ZONING REAR SETBACK" # "Database Connections\cobsde@SDE.sde\sde.GIS_ADMIN.COB_ZONING\sde.GIS_ADMIN.COB_ZONING"</Process><Process Name="AssignDomainToField_10" ToolSource="C:\Program Files\ArcGIS\ArcToolbox\Toolboxes\Data Management Tools.tbx\AssignDomainToField" Date="20080612" Time="140009">AssignDomainToField "Database Connections\cobsde@SDE.sde\sde.GIS_ADMIN.COB_ZONING\sde.GIS_ADMIN.COB_ZONING" SIDE_SETBK "ZONING SIDE SETBACK" # "Database Connections\cobsde@SDE.sde\sde.GIS_ADMIN.COB_ZONING\sde.GIS_ADMIN.COB_ZONING"</Process><Process Name="AssignDomainToField_11" ToolSource="C:\Program Files\ArcGIS\ArcToolbox\Toolboxes\Data Management Tools.tbx\AssignDomainToField" Date="20080612" Time="140139">AssignDomainToField "Database Connections\cobsde@SDE.sde\sde.GIS_ADMIN.COB_ZONING\sde.GIS_ADMIN.COB_ZONING" LOT_COVER "ZONING LOT COVERAGE" # "Database Connections\cobsde@SDE.sde\sde.GIS_ADMIN.COB_ZONING\sde.GIS_ADMIN.COB_ZONING"</Process><Process Name="AssignDomainToField_12" ToolSource="C:\Program Files\ArcGIS\ArcToolbox\Toolboxes\Data Management Tools.tbx\AssignDomainToField" Date="20080612" Time="140233">AssignDomainToField "Database Connections\cobsde@SDE.sde\sde.GIS_ADMIN.COB_ZONING\sde.GIS_ADMIN.COB_ZONING" MIN_LOT_SZ "ZONING MIN LOT SIZE" # "Database Connections\cobsde@SDE.sde\sde.GIS_ADMIN.COB_ZONING\sde.GIS_ADMIN.COB_ZONING"</Process><Process Name="AssignDomainToField_13" ToolSource="C:\Program Files\ArcGIS\ArcToolbox\Toolboxes\Data Management Tools.tbx\AssignDomainToField" Date="20080612" Time="154603">AssignDomainToField "Database Connections\cobsde@SDE.sde\sde.GIS_ADMIN.COB_ZONING\sde.GIS_ADMIN.COB_ZONING" MIN_LOT_WD "ZONING MIN LOT WIDTH" # "Database Connections\cobsde@SDE.sde\sde.GIS_ADMIN.COB_ZONING\sde.GIS_ADMIN.COB_ZONING"</Process><Process Name="AssignDomainToField_14" ToolSource="C:\Program Files\ArcGIS\ArcToolbox\Toolboxes\Data Management Tools.tbx\AssignDomainToField" Date="20080612" Time="154651">AssignDomainToField "Database Connections\cobsde@SDE.sde\sde.GIS_ADMIN.COB_ZONING\sde.GIS_ADMIN.COB_ZONING" MIN_LOT_DP "ZONING MIN LOT DEPTH" # "Database Connections\cobsde@SDE.sde\sde.GIS_ADMIN.COB_ZONING\sde.GIS_ADMIN.COB_ZONING"</Process><Process Name="AssignDomainToField_15" ToolSource="C:\Program Files\ArcGIS\ArcToolbox\Toolboxes\Data Management Tools.tbx\AssignDomainToField" Date="20080612" Time="154726">AssignDomainToField "Database Connections\cobsde@SDE.sde\sde.GIS_ADMIN.COB_ZONING\sde.GIS_ADMIN.COB_ZONING" MAX_HGHT "ZONING MAX HEIGHT" # "Database Connections\cobsde@SDE.sde\sde.GIS_ADMIN.COB_ZONING\sde.GIS_ADMIN.COB_ZONING"</Process><Process ToolSource="c:\program files (x86)\arcgis\desktop10.0\ArcToolbox\Toolboxes\Conversion Tools.tbx\FeatureClassToFeatureClass" Date="20141023" Time="185353">FeatureClassToFeatureClass G:\IT\KaraDaniel\VERSION_SHP\20141023.mdb\COB_ZONING\COB_ZONING "Database Connections\COBSDE@gis_admin.sde\SDE.GIS_ADMIN.COB_ZONING" COB_ZONING # "PROP_ID "PROP_ID" true true false 7 Text 0 0 ,First,#,G:\IT\KaraDaniel\VERSION_SHP\20141023.mdb\COB_ZONING\COB_ZONING,PROP_ID,-1,-1;ZONING "ZONING" true true false 10 Text 0 0 ,First,#,G:\IT\KaraDaniel\VERSION_SHP\20141023.mdb\COB_ZONING\COB_ZONING,ZONING,-1,-1;ZONING_DES "DESCRIPTION" true true false 50 Text 0 0 ,First,#,G:\IT\KaraDaniel\VERSION_SHP\20141023.mdb\COB_ZONING\COB_ZONING,ZONING_DES,-1,-1;ACRES "ACRES" true true false 8 Double 0 0 ,First,#,G:\IT\KaraDaniel\VERSION_SHP\20141023.mdb\COB_ZONING\COB_ZONING,ACRES,-1,-1;FRNT_SETBK "FRONT SETBACK" true true false 25 Text 0 0 ,First,#,G:\IT\KaraDaniel\VERSION_SHP\20141023.mdb\COB_ZONING\COB_ZONING,FRNT_SETBK,-1,-1;SIDE_SETBK "SIDE SETBACK" true true false 25 Text 0 0 ,First,#,G:\IT\KaraDaniel\VERSION_SHP\20141023.mdb\COB_ZONING\COB_ZONING,SIDE_SETBK,-1,-1;SD_STR_ART "SIDE STREET ARTERIAL SETBACK" true true false 25 Text 0 0 ,First,#,G:\IT\KaraDaniel\VERSION_SHP\20141023.mdb\COB_ZONING\COB_ZONING,SD_STR_ART,-1,-1;SIDE_STRT "SIDE STREET SETBACK" true true false 30 Text 0 0 ,First,#,G:\IT\KaraDaniel\VERSION_SHP\20141023.mdb\COB_ZONING\COB_ZONING,SIDE_STRT,-1,-1;REAR_SETBK "REAR SETBACK" true true false 25 Text 0 0 ,First,#,G:\IT\KaraDaniel\VERSION_SHP\20141023.mdb\COB_ZONING\COB_ZONING,REAR_SETBK,-1,-1;LOT_COVER "LOT COVERAGE" true true false 25 Text 0 0 ,First,#,G:\IT\KaraDaniel\VERSION_SHP\20141023.mdb\COB_ZONING\COB_ZONING,LOT_COVER,-1,-1;MIN_LOT_SZ "MINIMUM LOT SIZE" true true false 25 Text 0 0 ,First,#,G:\IT\KaraDaniel\VERSION_SHP\20141023.mdb\COB_ZONING\COB_ZONING,MIN_LOT_SZ,-1,-1;MIN_LOT_WD "MINIMUM LOT WIDTH" true true false 25 Text 0 0 ,First,#,G:\IT\KaraDaniel\VERSION_SHP\20141023.mdb\COB_ZONING\COB_ZONING,MIN_LOT_WD,-1,-1;MIN_LOT_DP "MINIMUM LOT DEPTH" true true false 25 Text 0 0 ,First,#,G:\IT\KaraDaniel\VERSION_SHP\20141023.mdb\COB_ZONING\COB_ZONING,MIN_LOT_DP,-1,-1;MAX_HGHT "MAXIMUM HEIGHT" true true false 25 Text 0 0 ,First,#,G:\IT\KaraDaniel\VERSION_SHP\20141023.mdb\COB_ZONING\COB_ZONING,MAX_HGHT,-1,-1;IMS_LINK "IMS HYPERLINK" true true false 75 Text 0 0 ,First,#,G:\IT\KaraDaniel\VERSION_SHP\20141023.mdb\COB_ZONING\COB_ZONING,IMS_LINK,-1,-1;ORD_NO "ORD_NO" true true false 10 Text 0 0 ,First,#,G:\IT\KaraDaniel\VERSION_SHP\20141023.mdb\COB_ZONING\COB_ZONING,ORD_NO,-1,-1;Shape_Length "Shape_Length" false true true 8 Double 0 0 ,First,#,G:\IT\KaraDaniel\VERSION_SHP\20141023.mdb\COB_ZONING\COB_ZONING,Shape_Length,-1,-1;Shape_Area "Shape_Area" false true true 8 Double 0 0 ,First,#,G:\IT\KaraDaniel\VERSION_SHP\20141023.mdb\COB_ZONING\COB_ZONING,Shape_Area,-1,-1" #</Process><Process ToolSource="c:\program files (x86)\arcgis\desktop10.3\ArcToolbox\Toolboxes\Data Management Tools.tbx\CopyFeatures" Date="20160204" Time="174521">CopyFeatures "Database Connections\GISDATA(PUB_WORK_DB1)@SDE.sde\PUB_WORK_DB1.SDE.COB_ZONING\PUB_WORK_DB1.SDE.COB_ZONING" F:\DATADOWNLOAD\SHAPEFILES\COB_ZONING.shp # 0 0 0</Process></lineage><itemProps><itemName Sync="TRUE">COB_ZONING</itemName><imsContentType Sync="TRUE">002</imsContentType><nativeExtBox><westBL Sync="TRUE">3503442.991181</westBL><eastBL Sync="TRUE">3581677.520079</eastBL><southBL Sync="TRUE">10200182.172359</southBL><northBL Sync="TRUE">10251337.119917</northBL><exTypeCode Sync="TRUE">1</exTypeCode></nativeExtBox><itemLocation><linkage Sync="TRUE">file://\\ITSAPPS\F$\DATADOWNLOAD\SHAPEFILES\COB_ZONING.shp</linkage><protocol Sync="TRUE">Local Area Network</protocol></itemLocation><itemSize Sync="TRUE">0.000</itemSize></itemProps><coordRef><type Sync="TRUE">Projected</type><geogcsn Sync="TRUE">GCS_North_American_1983</geogcsn><csUnits Sync="TRUE">Linear Unit: Foot_US (0.304801)</csUnits><projcsn Sync="TRUE">NAD_1983_StatePlane_Texas_Central_FIPS_4203_Feet</projcsn><peXml Sync="TRUE">&lt;ProjectedCoordinateSystem xsi:type='typens:ProjectedCoordinateSystem' xmlns:xsi='http://www.w3.org/2001/XMLSchema-instance' xmlns:xs='http://www.w3.org/2001/XMLSchema' xmlns:typens='http://www.esri.com/schemas/ArcGIS/10.3'&gt;&lt;WKT&gt;PROJCS[&amp;quot;NAD_1983_StatePlane_Texas_Central_FIPS_4203_Feet&amp;quot;,GEOGCS[&amp;quot;GCS_North_American_1983&amp;quot;,DATUM[&amp;quot;D_North_American_1983&amp;quot;,SPHEROID[&amp;quot;GRS_1980&amp;quot;,6378137.0,298.257222101]],PRIMEM[&amp;quot;Greenwich&amp;quot;,0.0],UNIT[&amp;quot;Degree&amp;quot;,0.0174532925199433]],PROJECTION[&amp;quot;Lambert_Conformal_Conic&amp;quot;],PARAMETER[&amp;quot;False_Easting&amp;quot;,2296583.333333333],PARAMETER[&amp;quot;False_Northing&amp;quot;,9842500.0],PARAMETER[&amp;quot;Central_Meridian&amp;quot;,-100.3333333333333],PARAMETER[&amp;quot;Standard_Parallel_1&amp;quot;,30.11666666666667],PARAMETER[&amp;quot;Standard_Parallel_2&amp;quot;,31.88333333333333],PARAMETER[&amp;quot;Latitude_Of_Origin&amp;quot;,29.66666666666667],UNIT[&amp;quot;Foot_US&amp;quot;,0.3048006096012192],AUTHORITY[&amp;quot;EPSG&amp;quot;,2277]]&lt;/WKT&gt;&lt;XOrigin&gt;-124805500&lt;/XOrigin&gt;&lt;YOrigin&gt;-81923100&lt;/YOrigin&gt;&lt;XYScale&gt;35432942.484959878&lt;/XYScale&gt;&lt;ZOrigin&gt;-100000&lt;/ZOrigin&gt;&lt;ZScale&gt;10000&lt;/ZScale&gt;&lt;MOrigin&gt;-100000&lt;/MOrigin&gt;&lt;MScale&gt;10000&lt;/MScale&gt;&lt;XYTolerance&gt;0.0032808333333333331&lt;/XYTolerance&gt;&lt;ZTolerance&gt;0.001&lt;/ZTolerance&gt;&lt;MTolerance&gt;0.001&lt;/MTolerance&gt;&lt;HighPrecision&gt;true&lt;/HighPrecision&gt;&lt;WKID&gt;102739&lt;/WKID&gt;&lt;LatestWKID&gt;2277&lt;/LatestWKID&gt;&lt;/ProjectedCoordinateSystem&gt;</peXml></coordRef></DataProperties><SyncDate>20160204</SyncDate><SyncTime>17451500</SyncTime><ModDate>20160204</ModDate><ModTime>17451500</ModTime><ArcGISFormat>1.0</ArcGISFormat><ArcGISstyle>ISO 19139 Metadata Implementation Specification GML3.2</ArcGISstyle></Esri><idinfo><citation><citeinfo><onlink Sync="TRUE">Server=cobsde; Service=5151; Database=sde; Version=sde.DEFAULT</onlink><origin>REQUIRED: The name of an organization or individual that developed the data set.</origin><pubdate>REQUIRED: The date when the data set is published or otherwise made available for release.</pubdate><title Sync="TRUE">sde.GIS_ADMIN.COB_ZONING</title><ftname Sync="TRUE">sde.GIS_ADMIN.COB_ZONING</ftname><geoform Sync="TRUE">vector digital data</geoform></citeinfo></citation><native Sync="TRUE">Microsoft Windows XP Version 5.1 (Build 2600) Service Pack 3; ESRI ArcCatalog 9.3.1.4000</native><descript><langdata Sync="TRUE">en</langdata><abstract>REQUIRED: A brief narrative summary of the data set.</abstract><purpose>REQUIRED: A summary of the intentions with which the data set was developed.</purpose></descript><timeperd><current>REQUIRED: The basis on which the time period of content information is determined.</current><timeinfo><sngdate><caldate>REQUIRED: The year (and optionally month, or month and day) for which the data set corresponds to the ground.</caldate></sngdate></timeinfo></timeperd><status><progress>REQUIRED: The state of the data set.</progress><update>REQUIRED: The frequency with which changes and additions are made to the data set after the initial data set is completed.</update></status><spdom><bounding><westbc Sync="TRUE">-96.496713</westbc><eastbc Sync="TRUE">-96.242268</eastbc><northbc Sync="TRUE">30.733469</northbc><southbc Sync="TRUE">30.585830</southbc></bounding><lboundng><leftbc Sync="TRUE">3503442.991181</leftbc><rightbc Sync="TRUE">3581677.520079</rightbc><bottombc Sync="TRUE">10200397.230984</bottombc><topbc Sync="TRUE">10251337.119917</topbc></lboundng></spdom><keywords><theme><themekt>REQUIRED: Reference to a formally registered thesaurus or a similar authoritative source of theme keywords.</themekt><themekey>REQUIRED: Common-use word or phrase used to describe the subject of the data set.</themekey></theme></keywords><accconst>REQUIRED: Restrictions and legal prerequisites for accessing the data set.</accconst><useconst>REQUIRED: Restrictions and legal prerequisites for using the data set after access is granted.</useconst><natvform Sync="TRUE">SDE Feature Class</natvform></idinfo><distInfo><distributor><distorTran><onLineSrc><linkage Sync="TRUE">Server=cobsde; Service=5151; Database=sde; Version=sde.DEFAULT</linkage><protocol Sync="TRUE">ArcSDE Connection</protocol><orDesc Sync="TRUE">002</orDesc></onLineSrc></distorTran><distorFormat><formatName Sync="TRUE">SDE Feature Class</formatName></distorFormat></distributor><distFormat><formatName Sync="TRUE">Shapefile</formatName></distFormat><distTranOps><transSize Sync="TRUE">0.000</transSize></distTranOps></distInfo><dataqual><lineage><procstep><procdesc Sync="TRUE">Dataset copied.</procdesc><srcused Sync="TRUE">C:\Documents and Settings\rakidd\My Documents\ZONING\PARCEL_ZONING_JOIN</srcused><date Sync="TRUE">20080515</date><time Sync="TRUE">16470900</time></procstep><procstep><procdesc Sync="TRUE">Dataset copied.</procdesc><srcused Sync="TRUE">G:\GIS_PROJECTS\ENGINEERING PROJECTS\MAPPING\Zoning\PARCEL_ZONING_JOINCopy</srcused><date Sync="TRUE">20080516</date><time Sync="TRUE">11151400</time></procstep><procstep><procdesc Sync="TRUE">Dataset copied.</procdesc><srcused Sync="TRUE">C:\Documents and Settings\dsudduth\My Documents\GIS_LAYERS_EXTRA\PARCEL_ZONING_JOIN</srcused><date Sync="TRUE">20080520</date><time Sync="TRUE">10265100</time></procstep></lineage></dataqual><dataIdInfo><envirDesc Sync="TRUE"> Version 6.2 (Build 9200) ; Esri ArcGIS 10.3.1.4959</envirDesc><dataLang><languageCode Sync="TRUE" value="eng"/><countryCode value="USA" Sync="TRUE"/></dataLang><idCitation><resTitle Sync="TRUE">COB_ZONING</resTitle><presForm><PresFormCd Sync="TRUE" value="005"/></presForm></idCitation><spatRpType><SpatRepTypCd Sync="TRUE" value="001"/></spatRpType><dataExt><geoEle><GeoBndBox esriExtentType="native"><westBL Sync="TRUE">3503442.991181</westBL><eastBL Sync="TRUE">3581677.520079</eastBL><northBL Sync="TRUE">10251337.119917</northBL><southBL Sync="TRUE">10200397.230984</southBL><exTypeCode Sync="TRUE">1</exTypeCode></GeoBndBox></geoEle></dataExt><geoBox esriExtentType="decdegrees"><westBL Sync="TRUE">-96.496713</westBL><eastBL Sync="TRUE">-96.242268</eastBL><northBL Sync="TRUE">30.733469</northBL><southBL Sync="TRUE">30.58583</southBL><exTypeCode Sync="TRUE">1</exTypeCode></geoBox><dataExt><geoEle><GeoBndBox esriExtentType="search"><exTypeCode Sync="TRUE">1</exTypeCode><westBL Sync="TRUE">-96.496736</westBL><eastBL Sync="TRUE">-96.242268</eastBL><northBL Sync="TRUE">30.733469</northBL><southBL Sync="TRUE">30.585239</southBL></GeoBndBox></geoEle></dataExt></dataIdInfo><metainfo><langmeta Sync="TRUE">en</langmeta><metstdn Sync="TRUE">FGDC Content Standards for Digital Geospatial Metadata</metstdn><metstdv Sync="TRUE">FGDC-STD-001-1998</metstdv><mettc Sync="TRUE">local time</mettc><metc><cntinfo><cntorgp><cntper>REQUIRED: The person responsible for the metadata information.</cntper><cntorg>REQUIRED: The organization responsible for the metadata information.</cntorg></cntorgp><cntaddr><addrtype>REQUIRED: The mailing and/or physical address for the organization or individual.</addrtype><city>REQUIRED: The city of the address.</city><state>REQUIRED: The state or province of the address.</state><postal>REQUIRED: The ZIP or other postal code of the address.</postal></cntaddr><cntvoice>REQUIRED: The telephone number by which individuals can speak to the organization or individual.</cntvoice></cntinfo></metc><metd Sync="TRUE">20111214</metd></metainfo><mdLang><languageCode Sync="TRUE" value="eng"/><countryCode value="USA" Sync="TRUE"/></mdLang><mdStanName Sync="TRUE">ISO 19115 Geographic Information - Metadata</mdStanName><mdStanVer Sync="TRUE">DIS_ESRI1.0</mdStanVer><mdChar><CharSetCd Sync="TRUE" value="004"/></mdChar><mdHrLv><ScopeCd Sync="TRUE" value="005"/></mdHrLv><mdHrLvName Sync="TRUE">dataset</mdHrLvName><distinfo><resdesc Sync="TRUE">Downloadable Data</resdesc></distinfo><spdoinfo><direct Sync="TRUE">Vector</direct><ptvctinf><esriterm Name="COB_ZONING"><efeatyp Sync="TRUE">Simple</efeatyp><efeageom code="4" Sync="TRUE"></efeageom><esritopo Sync="TRUE">FALSE</esritopo><efeacnt Sync="TRUE">0</efeacnt><spindex Sync="TRUE">FALSE</spindex><linrefer Sync="TRUE">FALSE</linrefer></esriterm></ptvctinf></spdoinfo><spref><horizsys><cordsysn><geogcsn Sync="TRUE">GCS_North_American_1983</geogcsn><projcsn Sync="TRUE">NAD_1983_StatePlane_Texas_Central_FIPS_4203_Feet</projcsn></cordsysn><planar><planci><plance Sync="TRUE">coordinate pair</plance><plandu Sync="TRUE">survey feet</plandu><coordrep><absres Sync="TRUE">0.000328</absres><ordres Sync="TRUE">0.000328</ordres></coordrep></planci></planar><geodetic><horizdn Sync="TRUE">North American Datum of 1983</horizdn><ellips Sync="TRUE">Geodetic Reference System 80</ellips><semiaxis Sync="TRUE">6378137.000000</semiaxis><denflat Sync="TRUE">298.257222</denflat></geodetic></horizsys><vertdef><altsys><altenc Sync="TRUE">Explicit elevation coordinate included with horizontal coordinates</altenc><altres Sync="TRUE">1.000000</altres></altsys></vertdef></spref><refSysInfo><RefSystem><refSysID><identCode Sync="TRUE" value="2277" code="2277">NAD_1983_StatePlane_Texas_Central_FIPS_4203_Feet</identCode><idCodeSpace Sync="TRUE">EPSG</idCodeSpace><idVersion Sync="TRUE">8.6.2</idVersion></refSysID></RefSystem></refSysInfo><spatRepInfo><VectSpatRep><geometObjs Name="COB_ZONING"><geoObjTyp><GeoObjTypCd value="002" Sync="TRUE"></GeoObjTypCd></geoObjTyp><geoObjCnt Sync="TRUE">0</geoObjCnt></geometObjs><topLvl><TopoLevCd value="001" Sync="TRUE"></TopoLevCd></topLvl></VectSpatRep></spatRepInfo><eainfo><detailed Name="COB_ZONING"><enttyp><enttypl Sync="TRUE">COB_ZONING</enttypl><enttypt Sync="TRUE">Feature Class</enttypt><enttypc Sync="TRUE">0</enttypc></enttyp><attr><attrlabl Sync="TRUE">FID</attrlabl><attalias Sync="TRUE">FID</attalias><attrtype Sync="TRUE">OID</attrtype><attwidth Sync="TRUE">4</attwidth><atprecis Sync="TRUE">0</atprecis><attscale Sync="TRUE">0</attscale><attrdef Sync="TRUE">Internal feature number.</attrdef><attrdefs Sync="TRUE">Esri</attrdefs><attrdomv><udom Sync="TRUE">Sequential unique whole numbers that are automatically generated.</udom></attrdomv></attr><attr><attrlabl Sync="TRUE">Shape</attrlabl><attalias Sync="TRUE">Shape</attalias><attrtype Sync="TRUE">Geometry</attrtype><attwidth Sync="TRUE">0</attwidth><atprecis Sync="TRUE">0</atprecis><attscale Sync="TRUE">0</attscale><attrdef Sync="TRUE">Feature geometry.</attrdef><attrdefs Sync="TRUE">ESRI</attrdefs><attrdomv><udom Sync="TRUE">Coordinates defining the features.</udom></attrdomv></attr><attr><attrlabl Sync="TRUE">PROP_ID</attrlabl><attalias Sync="TRUE">PROP_ID</attalias><attrtype Sync="TRUE">String</attrtype><attwidth Sync="TRUE">7</attwidth><atprecis Sync="TRUE">0</atprecis><attscale Sync="TRUE">0</attscale></attr><attr><attrlabl Sync="TRUE">ZONING</attrlabl><attalias Sync="TRUE">ZONING</attalias><attrtype Sync="TRUE">String</attrtype><attwidth Sync="TRUE">10</attwidth><atprecis Sync="TRUE">0</atprecis><attscale Sync="TRUE">0</attscale></attr><attr><attrlabl Sync="TRUE">ZONING_DES</attrlabl><attalias Sync="TRUE">ZONING_DES</attalias><attrtype Sync="TRUE">String</attrtype><attwidth Sync="TRUE">50</attwidth><atprecis Sync="TRUE">0</atprecis><attscale Sync="TRUE">0</attscale></attr><attr><attrlabl Sync="TRUE">ACRES</attrlabl><attalias Sync="TRUE">ACRES</attalias><attrtype Sync="TRUE">Double</attrtype><attwidth Sync="TRUE">19</attwidth><atprecis Sync="TRUE">18</atprecis><attscale Sync="TRUE">8</attscale></attr><attr><attrlabl Sync="TRUE">FRNT_SETBK</attrlabl><attalias Sync="TRUE">FRNT_SETBK</attalias><attrtype Sync="TRUE">String</attrtype><attwidth Sync="TRUE">25</attwidth><atprecis Sync="TRUE">0</atprecis><attscale Sync="TRUE">0</attscale></attr><attr><attrlabl Sync="TRUE">SIDE_SETBK</attrlabl><attalias Sync="TRUE">SIDE_SETBK</attalias><attrtype Sync="TRUE">String</attrtype><attwidth Sync="TRUE">25</attwidth><atprecis Sync="TRUE">0</atprecis><attscale Sync="TRUE">0</attscale></attr><attr><attrlabl Sync="TRUE">SD_STR_ART</attrlabl><attalias Sync="TRUE">SD_STR_ART</attalias><attrtype Sync="TRUE">String</attrtype><attwidth Sync="TRUE">25</attwidth><atprecis Sync="TRUE">0</atprecis><attscale Sync="TRUE">0</attscale></attr><attr><attrlabl Sync="TRUE">SIDE_STRT</attrlabl><attalias Sync="TRUE">SIDE_STRT</attalias><attrtype Sync="TRUE">String</attrtype><attwidth Sync="TRUE">30</attwidth><atprecis Sync="TRUE">0</atprecis><attscale Sync="TRUE">0</attscale></attr><attr><attrlabl Sync="TRUE">REAR_SETBK</attrlabl><attalias Sync="TRUE">REAR_SETBK</attalias><attrtype Sync="TRUE">String</attrtype><attwidth Sync="TRUE">25</attwidth><atprecis Sync="TRUE">0</atprecis><attscale Sync="TRUE">0</attscale></attr><attr><attrlabl Sync="TRUE">LOT_COVER</attrlabl><attalias Sync="TRUE">LOT_COVER</attalias><attrtype Sync="TRUE">String</attrtype><attwidth Sync="TRUE">25</attwidth><atprecis Sync="TRUE">0</atprecis><attscale Sync="TRUE">0</attscale></attr><attr><attrlabl Sync="TRUE">MIN_LOT_SZ</attrlabl><attalias Sync="TRUE">MIN_LOT_SZ</attalias><attrtype Sync="TRUE">String</attrtype><attwidth Sync="TRUE">25</attwidth><atprecis Sync="TRUE">0</atprecis><attscale Sync="TRUE">0</attscale></attr><attr><attrlabl Sync="TRUE">MIN_LOT_WD</attrlabl><attalias Sync="TRUE">MIN_LOT_WD</attalias><attrtype Sync="TRUE">String</attrtype><attwidth Sync="TRUE">25</attwidth><atprecis Sync="TRUE">0</atprecis><attscale Sync="TRUE">0</attscale></attr><attr><attrlabl Sync="TRUE">MIN_LOT_DP</attrlabl><attalias Sync="TRUE">MIN_LOT_DP</attalias><attrtype Sync="TRUE">String</attrtype><attwidth Sync="TRUE">25</attwidth><atprecis Sync="TRUE">0</atprecis><attscale Sync="TRUE">0</attscale></attr><attr><attrlabl Sync="TRUE">MAX_HGHT</attrlabl><attalias Sync="TRUE">MAX_HGHT</attalias><attrtype Sync="TRUE">String</attrtype><attwidth Sync="TRUE">25</attwidth><atprecis Sync="TRUE">0</atprecis><attscale Sync="TRUE">0</attscale></attr><attr><attrlabl Sync="TRUE">IMS_LINK</attrlabl><attalias Sync="TRUE">IMS_LINK</attalias><attrtype Sync="TRUE">String</attrtype><attwidth Sync="TRUE">75</attwidth><atprecis Sync="TRUE">0</atprecis><attscale Sync="TRUE">0</attscale></attr><attr><attrlabl Sync="TRUE">ORD_NO</attrlabl><attalias Sync="TRUE">ORD_NO</attalias><attrtype Sync="TRUE">String</attrtype><attwidth Sync="TRUE">10</attwidth><atprecis Sync="TRUE">0</atprecis><attscale Sync="TRUE">0</attscale></attr><attr><attrlabl Sync="TRUE">Shape_STAr</attrlabl><attalias Sync="TRUE">Shape_STAr</attalias><attrtype Sync="TRUE">Double</attrtype><attwidth Sync="TRUE">19</attwidth><atprecis Sync="TRUE">0</atprecis><attscale Sync="TRUE">0</attscale></attr><attr><attrlabl Sync="TRUE">Shape_STLe</attrlabl><attalias Sync="TRUE">Shape_STLe</attalias><attrtype Sync="TRUE">Double</attrtype><attwidth Sync="TRUE">19</attwidth><atprecis Sync="TRUE">0</atprecis><attscale Sync="TRUE">0</attscale></attr></detailed></eainfo><mdDateSt Sync="TRUE">20160204</mdDateSt></metadata>
