GEO.id,GEO.id2,GEO.display-label,HD01_VD01,HD01_VD02,HD01_VD31
Id,Id2,Geography,Estimate; Total:,Estimate; Income in the past 12 months below poverty level:,Estimate; Income in the past 12 months at or above poverty level:
1500000US480410001011,480410001011,"Block Group 1, Census Tract 1.01, Brazos County, Texas",501,103,398
1500000US480410001012,480410001012,"Block Group 2, Census Tract 1.01, Brazos County, Texas",696,247,449
1500000US480410001013,480410001013,"Block Group 3, Census Tract 1.01, Brazos County, Texas",964,59,905
1500000US480410001014,480410001014,"Block Group 4, Census Tract 1.01, Brazos County, Texas",617,26,591
1500000US480410001021,480410001021,"Block Group 1, Census Tract 1.02, Brazos County, Texas",1114,82,1032
1500000US480410001022,480410001022,"Block Group 2, Census Tract 1.02, Brazos County, Texas",1140,54,1086
1500000US480410001031,480410001031,"Block Group 1, Census Tract 1.03, Brazos County, Texas",669,12,657
1500000US480410002011,480410002011,"Block Group 1, Census Tract 2.01, Brazos County, Texas",690,423,267
1500000US480410002012,480410002012,"Block Group 2, Census Tract 2.01, Brazos County, Texas",421,144,277
1500000US480410002013,480410002013,"Block Group 3, Census Tract 2.01, Brazos County, Texas",731,261,470
1500000US480410002014,480410002014,"Block Group 4, Census Tract 2.01, Brazos County, Texas",1167,323,844
1500000US480410002021,480410002021,"Block Group 1, Census Tract 2.02, Brazos County, Texas",440,84,356
1500000US480410002022,480410002022,"Block Group 2, Census Tract 2.02, Brazos County, Texas",589,53,536
1500000US480410002023,480410002023,"Block Group 3, Census Tract 2.02, Brazos County, Texas",302,91,211
1500000US480410002024,480410002024,"Block Group 4, Census Tract 2.02, Brazos County, Texas",627,173,454
1500000US480410002025,480410002025,"Block Group 5, Census Tract 2.02, Brazos County, Texas",118,19,99
1500000US480410003001,480410003001,"Block Group 1, Census Tract 3, Brazos County, Texas",378,67,311
1500000US480410003002,480410003002,"Block Group 2, Census Tract 3, Brazos County, Texas",803,60,743
1500000US480410003003,480410003003,"Block Group 3, Census Tract 3, Brazos County, Texas",697,25,672
1500000US480410003004,480410003004,"Block Group 4, Census Tract 3, Brazos County, Texas",442,61,381
1500000US480410004001,480410004001,"Block Group 1, Census Tract 4, Brazos County, Texas",526,134,392
1500000US480410004002,480410004002,"Block Group 2, Census Tract 4, Brazos County, Texas",511,166,345
1500000US480410004003,480410004003,"Block Group 3, Census Tract 4, Brazos County, Texas",0,0,0
1500000US480410004004,480410004004,"Block Group 4, Census Tract 4, Brazos County, Texas",541,132,409
1500000US480410005001,480410005001,"Block Group 1, Census Tract 5, Brazos County, Texas",202,88,114
1500000US480410005002,480410005002,"Block Group 2, Census Tract 5, Brazos County, Texas",140,31,109
1500000US480410005003,480410005003,"Block Group 3, Census Tract 5, Brazos County, Texas",438,247,191
1500000US480410005004,480410005004,"Block Group 4, Census Tract 5, Brazos County, Texas",701,342,359
1500000US480410005005,480410005005,"Block Group 5, Census Tract 5, Brazos County, Texas",235,55,180
1500000US480410006031,480410006031,"Block Group 1, Census Tract 6.03, Brazos County, Texas",197,15,182
1500000US480410006032,480410006032,"Block Group 2, Census Tract 6.03, Brazos County, Texas",288,38,250
1500000US480410006033,480410006033,"Block Group 3, Census Tract 6.03, Brazos County, Texas",496,148,348
1500000US480410006034,480410006034,"Block Group 4, Census Tract 6.03, Brazos County, Texas",463,160,303
1500000US480410006041,480410006041,"Block Group 1, Census Tract 6.04, Brazos County, Texas",427,170,257
1500000US480410006042,480410006042,"Block Group 2, Census Tract 6.04, Brazos County, Texas",225,115,110
1500000US480410006043,480410006043,"Block Group 3, Census Tract 6.04, Brazos County, Texas",735,305,430
1500000US480410006044,480410006044,"Block Group 4, Census Tract 6.04, Brazos County, Texas",253,103,150
1500000US480410007001,480410007001,"Block Group 1, Census Tract 7, Brazos County, Texas",232,49,183
1500000US480410007002,480410007002,"Block Group 2, Census Tract 7, Brazos County, Texas",266,26,240
1500000US480410007003,480410007003,"Block Group 3, Census Tract 7, Brazos County, Texas",313,88,225
1500000US480410007004,480410007004,"Block Group 4, Census Tract 7, Brazos County, Texas",265,16,249
1500000US480410008001,480410008001,"Block Group 1, Census Tract 8, Brazos County, Texas",231,0,231
1500000US480410008002,480410008002,"Block Group 2, Census Tract 8, Brazos County, Texas",486,56,430
1500000US480410008003,480410008003,"Block Group 3, Census Tract 8, Brazos County, Texas",979,151,828
1500000US480410008004,480410008004,"Block Group 4, Census Tract 8, Brazos County, Texas",319,107,212
1500000US480410009001,480410009001,"Block Group 1, Census Tract 9, Brazos County, Texas",536,136,400
1500000US480410009002,480410009002,"Block Group 2, Census Tract 9, Brazos County, Texas",356,106,250
1500000US480410010001,480410010001,"Block Group 1, Census Tract 10, Brazos County, Texas",492,27,465
1500000US480410010002,480410010002,"Block Group 2, Census Tract 10, Brazos County, Texas",1199,659,540
1500000US480410010003,480410010003,"Block Group 3, Census Tract 10, Brazos County, Texas",1260,737,523
1500000US480410010004,480410010004,"Block Group 4, Census Tract 10, Brazos County, Texas",421,151,270
1500000US480410011001,480410011001,"Block Group 1, Census Tract 11, Brazos County, Texas",474,114,360
1500000US480410011002,480410011002,"Block Group 2, Census Tract 11, Brazos County, Texas",653,126,527
1500000US480410011003,480410011003,"Block Group 3, Census Tract 11, Brazos County, Texas",508,20,488
1500000US480410011004,480410011004,"Block Group 4, Census Tract 11, Brazos County, Texas",383,80,303
1500000US480410013011,480410013011,"Block Group 1, Census Tract 13.01, Brazos County, Texas",814,247,567
1500000US480410013012,480410013012,"Block Group 2, Census Tract 13.01, Brazos County, Texas",390,107,283
1500000US480410013021,480410013021,"Block Group 1, Census Tract 13.02, Brazos County, Texas",895,423,472
1500000US480410013022,480410013022,"Block Group 2, Census Tract 13.02, Brazos County, Texas",742,174,568
1500000US480410013023,480410013023,"Block Group 3, Census Tract 13.02, Brazos County, Texas",197,42,155
1500000US480410013031,480410013031,"Block Group 1, Census Tract 13.03, Brazos County, Texas",477,179,298
1500000US480410013032,480410013032,"Block Group 2, Census Tract 13.03, Brazos County, Texas",894,461,433
1500000US480410013033,480410013033,"Block Group 3, Census Tract 13.03, Brazos County, Texas",492,258,234
1500000US480410013034,480410013034,"Block Group 4, Census Tract 13.03, Brazos County, Texas",492,258,234
1500000US480410014001,480410014001,"Block Group 1, Census Tract 14, Brazos County, Texas",168,92,76
1500000US480410014002,480410014002,"Block Group 2, Census Tract 14, Brazos County, Texas",583,395,188
1500000US480410014003,480410014003,"Block Group 3, Census Tract 14, Brazos County, Texas",345,157,188
1500000US480410016011,480410016011,"Block Group 1, Census Tract 16.01, Brazos County, Texas",843,420,423
1500000US480410016012,480410016012,"Block Group 2, Census Tract 16.01, Brazos County, Texas",308,229,79
1500000US480410016013,480410016013,"Block Group 3, Census Tract 16.01, Brazos County, Texas",711,151,560
1500000US480410016041,480410016041,"Block Group 1, Census Tract 16.04, Brazos County, Texas",1077,367,710
1500000US480410016042,480410016042,"Block Group 2, Census Tract 16.04, Brazos County, Texas",268,33,235
1500000US480410016043,480410016043,"Block Group 3, Census Tract 16.04, Brazos County, Texas",1102,525,577
1500000US480410016051,480410016051,"Block Group 1, Census Tract 16.05, Brazos County, Texas",515,188,327
1500000US480410016052,480410016052,"Block Group 2, Census Tract 16.05, Brazos County, Texas",1037,521,516
1500000US480410016061,480410016061,"Block Group 1, Census Tract 16.06, Brazos County, Texas",586,214,372
1500000US480410016062,480410016062,"Block Group 2, Census Tract 16.06, Brazos County, Texas",833,486,347
1500000US480410017011,480410017011,"Block Group 1, Census Tract 17.01, Brazos County, Texas",924,563,361
1500000US480410017012,480410017012,"Block Group 2, Census Tract 17.01, Brazos County, Texas",566,217,349
1500000US480410017013,480410017013,"Block Group 3, Census Tract 17.01, Brazos County, Texas",952,488,464
1500000US480410017021,480410017021,"Block Group 1, Census Tract 17.02, Brazos County, Texas",428,195,233
1500000US480410017022,480410017022,"Block Group 2, Census Tract 17.02, Brazos County, Texas",651,476,175
1500000US480410018011,480410018011,"Block Group 1, Census Tract 18.01, Brazos County, Texas",903,61,842
1500000US480410018012,480410018012,"Block Group 2, Census Tract 18.01, Brazos County, Texas",968,68,900
1500000US480410018031,480410018031,"Block Group 1, Census Tract 18.03, Brazos County, Texas",952,228,724
1500000US480410018032,480410018032,"Block Group 2, Census Tract 18.03, Brazos County, Texas",810,227,583
1500000US480410018033,480410018033,"Block Group 3, Census Tract 18.03, Brazos County, Texas",609,255,354
1500000US480410018041,480410018041,"Block Group 1, Census Tract 18.04, Brazos County, Texas",405,109,296
1500000US480410019001,480410019001,"Block Group 1, Census Tract 19, Brazos County, Texas",730,16,714
1500000US480410019002,480410019002,"Block Group 2, Census Tract 19, Brazos County, Texas",546,116,430
1500000US480410019003,480410019003,"Block Group 3, Census Tract 19, Brazos County, Texas",246,0,246
1500000US480410019004,480410019004,"Block Group 4, Census Tract 19, Brazos County, Texas",621,181,440
1500000US480410019005,480410019005,"Block Group 5, Census Tract 19, Brazos County, Texas",494,90,404
1500000US480410020011,480410020011,"Block Group 1, Census Tract 20.01, Brazos County, Texas",782,76,706
1500000US480410020012,480410020012,"Block Group 2, Census Tract 20.01, Brazos County, Texas",969,9,960
1500000US480410020021,480410020021,"Block Group 1, Census Tract 20.02, Brazos County, Texas",489,51,438
1500000US480410020022,480410020022,"Block Group 2, Census Tract 20.02, Brazos County, Texas",1352,27,1325
1500000US480410020023,480410020023,"Block Group 3, Census Tract 20.02, Brazos County, Texas",997,239,758
1500000US480410020061,480410020061,"Block Group 1, Census Tract 20.06, Brazos County, Texas",645,105,540
1500000US480410020071,480410020071,"Block Group 1, Census Tract 20.07, Brazos County, Texas",949,87,862
1500000US480410020072,480410020072,"Block Group 2, Census Tract 20.07, Brazos County, Texas",1325,138,1187
1500000US480410020081,480410020081,"Block Group 1, Census Tract 20.08, Brazos County, Texas",1347,63,1284
1500000US480410020082,480410020082,"Block Group 2, Census Tract 20.08, Brazos County, Texas",867,29,838
1500000US480410020091,480410020091,"Block Group 1, Census Tract 20.09, Brazos County, Texas",335,0,335
1500000US480410020092,480410020092,"Block Group 2, Census Tract 20.09, Brazos County, Texas",1089,47,1042
1500000US480410020101,480410020101,"Block Group 1, Census Tract 20.10, Brazos County, Texas",400,15,385
1500000US480410020102,480410020102,"Block Group 2, Census Tract 20.10, Brazos County, Texas",570,56,514
1500000US480410020111,480410020111,"Block Group 1, Census Tract 20.11, Brazos County, Texas",426,43,383
1500000US480410020112,480410020112,"Block Group 2, Census Tract 20.11, Brazos County, Texas",672,26,646
1500000US480410020121,480410020121,"Block Group 1, Census Tract 20.12, Brazos County, Texas",604,411,193
1500000US480410020122,480410020122,"Block Group 2, Census Tract 20.12, Brazos County, Texas",945,690,255
1500000US480410020123,480410020123,"Block Group 3, Census Tract 20.12, Brazos County, Texas",1385,1053,332
1500000US480410020131,480410020131,"Block Group 1, Census Tract 20.13, Brazos County, Texas",1182,410,772
1500000US480410020132,480410020132,"Block Group 2, Census Tract 20.13, Brazos County, Texas",833,155,678
1500000US480410020141,480410020141,"Block Group 1, Census Tract 20.14, Brazos County, Texas",326,63,263
1500000US480410020142,480410020142,"Block Group 2, Census Tract 20.14, Brazos County, Texas",261,173,88
1500000US480410020151,480410020151,"Block Group 1, Census Tract 20.15, Brazos County, Texas",10,0,10
1500000US480419800001,480419800001,"Block Group 1, Census Tract 9800, Brazos County, Texas",0,0,0
