GEO.id,GEO.id2,GEO.display-label,HD01_VD01,HD01_VD26,HD01_VD27,HD01_VD28,HD01_VD29,HD01_VD30,HD01_VD31,HD01_VD32,HD01_VD33,HD01_VD34,HD01_VD35,HD01_VD36,HD01_VD37,HD01_VD38,HD01_VD39,HD01_VD40,HD01_VD41,HD01_VD42,HD01_VD43,HD01_VD44,HD01_VD45,HD01_VD46,HD01_VD47,HD01_VD48,HD01_VD49
Id,Id2,Geography,Estimate; Total:,Estimate; Female:,Estimate; Female: - Under 5 years,Estimate; Female: - 5 to 9 years,Estimate; Female: - 10 to 14 years,Estimate; Female: - 15 to 17 years,Estimate; Female: - 18 and 19 years,Estimate; Female: - 20 years,Estimate; Female: - 21 years,Estimate; Female: - 22 to 24 years,Estimate; Female: - 25 to 29 years,Estimate; Female: - 30 to 34 years,Estimate; Female: - 35 to 39 years,Estimate; Female: - 40 to 44 years,Estimate; Female: - 45 to 49 years,Estimate; Female: - 50 to 54 years,Estimate; Female: - 55 to 59 years,Estimate; Female: - 60 and 61 years,Estimate; Female: - 62 to 64 years,Estimate; Female: - 65 and 66 years,Estimate; Female: - 67 to 69 years,Estimate; Female: - 70 to 74 years,Estimate; Female: - 75 to 79 years,Estimate; Female: - 80 to 84 years,Estimate; Female: - 85 years and over
1500000US480410001011,480410001011,"Block Group 1, Census Tract 1.01, Brazos County, Texas",1357,732,59,57,70,11,43,0,0,0,22,48,64,32,43,62,48,22,35,0,0,15,46,40,15
1500000US480410001012,480410001012,"Block Group 2, Census Tract 1.01, Brazos County, Texas",1870,1036,60,37,100,111,0,32,0,39,0,98,87,0,68,136,84,16,28,11,0,38,46,32,13
1500000US480410001013,480410001013,"Block Group 3, Census Tract 1.01, Brazos County, Texas",2422,1302,61,46,30,72,0,0,232,108,151,75,36,15,207,86,8,14,59,37,12,21,32,0,0
1500000US480410001014,480410001014,"Block Group 4, Census Tract 1.01, Brazos County, Texas",1887,846,25,7,110,2,0,1,10,47,23,43,98,61,90,107,129,7,24,13,27,19,3,0,0
1500000US480410001021,480410001021,"Block Group 1, Census Tract 1.02, Brazos County, Texas",2862,1439,177,60,23,80,36,25,0,22,77,75,79,72,45,103,107,79,93,59,0,69,84,38,36
1500000US480410001022,480410001022,"Block Group 2, Census Tract 1.02, Brazos County, Texas",3340,1730,75,249,191,31,18,0,0,20,122,132,213,81,102,145,137,68,30,18,14,38,11,0,35
1500000US480410001031,480410001031,"Block Group 1, Census Tract 1.03, Brazos County, Texas",1707,1003,36,52,58,124,1,0,11,32,29,40,84,87,43,97,94,28,31,25,24,6,71,21,9
1500000US480410002011,480410002011,"Block Group 1, Census Tract 2.01, Brazos County, Texas",1716,911,47,111,34,0,0,59,87,94,25,144,82,0,24,39,79,0,14,0,0,49,0,23,0
1500000US480410002012,480410002012,"Block Group 2, Census Tract 2.01, Brazos County, Texas",823,356,34,0,0,0,0,0,19,0,86,71,24,0,56,34,0,0,32,0,0,0,0,0,0
1500000US480410002013,480410002013,"Block Group 3, Census Tract 2.01, Brazos County, Texas",1163,297,13,0,10,0,9,0,64,42,40,9,15,13,18,0,64,0,0,0,0,0,0,0,0
1500000US480410002014,480410002014,"Block Group 4, Census Tract 2.01, Brazos County, Texas",2757,1069,39,32,43,23,0,93,0,110,109,146,39,34,108,59,63,29,35,0,32,0,46,0,29
1500000US480410002021,480410002021,"Block Group 1, Census Tract 2.02, Brazos County, Texas",1326,646,44,8,25,38,53,0,0,31,78,7,91,77,44,24,41,29,0,14,15,0,0,21,6
1500000US480410002022,480410002022,"Block Group 2, Census Tract 2.02, Brazos County, Texas",2089,1003,50,52,28,197,38,0,80,30,114,140,72,63,43,21,21,16,25,0,0,7,0,0,6
1500000US480410002023,480410002023,"Block Group 3, Census Tract 2.02, Brazos County, Texas",712,387,9,39,60,33,10,0,0,0,56,5,0,18,22,83,0,0,7,14,11,4,0,4,12
1500000US480410002024,480410002024,"Block Group 4, Census Tract 2.02, Brazos County, Texas",3373,1070,133,175,74,34,0,0,0,71,88,60,62,83,42,82,20,21,19,12,9,12,39,34,0
1500000US480410002025,480410002025,"Block Group 5, Census Tract 2.02, Brazos County, Texas",226,86,0,0,0,0,0,0,0,0,10,9,0,0,31,0,9,0,9,10,0,0,0,8,0
1500000US480410003001,480410003001,"Block Group 1, Census Tract 3, Brazos County, Texas",1106,473,13,62,53,19,0,0,0,0,62,15,57,34,44,24,13,0,33,18,0,9,6,0,11
1500000US480410003002,480410003002,"Block Group 2, Census Tract 3, Brazos County, Texas",2932,1502,275,119,146,29,0,33,62,0,144,148,65,105,147,64,57,35,0,14,0,25,17,7,10
1500000US480410003003,480410003003,"Block Group 3, Census Tract 3, Brazos County, Texas",2431,1237,146,162,80,49,25,0,60,12,82,184,56,81,64,0,30,49,14,81,25,13,24,0,0
1500000US480410003004,480410003004,"Block Group 4, Census Tract 3, Brazos County, Texas",1176,534,61,28,66,0,0,12,23,12,58,33,54,56,22,14,29,36,0,0,0,0,26,4,0
1500000US480410004001,480410004001,"Block Group 1, Census Tract 4, Brazos County, Texas",1273,641,49,33,25,0,8,0,42,37,57,8,26,58,81,15,40,29,32,42,8,16,35,0,0
1500000US480410004002,480410004002,"Block Group 2, Census Tract 4, Brazos County, Texas",1639,802,50,94,74,26,20,0,16,25,37,42,117,56,13,48,51,0,18,41,32,36,0,0,6
1500000US480410004003,480410004003,"Block Group 3, Census Tract 4, Brazos County, Texas",822,811,0,0,0,0,0,0,11,65,110,130,166,98,98,54,34,12,33,0,0,0,0,0,0
1500000US480410004004,480410004004,"Block Group 4, Census Tract 4, Brazos County, Texas",1500,803,50,43,79,38,43,14,53,94,69,47,100,27,19,14,25,37,6,0,45,0,0,0,0
1500000US480410005001,480410005001,"Block Group 1, Census Tract 5, Brazos County, Texas",1506,600,111,102,39,0,2,0,9,31,109,19,43,15,35,51,16,8,0,0,0,4,6,0,0
1500000US480410005002,480410005002,"Block Group 2, Census Tract 5, Brazos County, Texas",604,310,21,12,11,32,24,0,15,0,18,30,30,9,26,17,0,22,24,0,0,11,0,8,0
1500000US480410005003,480410005003,"Block Group 3, Census Tract 5, Brazos County, Texas",1188,589,93,25,24,0,39,0,0,35,9,69,46,84,0,0,39,33,5,12,15,30,8,0,23
1500000US480410005004,480410005004,"Block Group 4, Census Tract 5, Brazos County, Texas",1949,1089,108,169,63,49,58,7,78,10,81,111,10,101,13,113,49,18,16,0,13,6,8,0,8
1500000US480410005005,480410005005,"Block Group 5, Census Tract 5, Brazos County, Texas",1047,576,47,50,74,70,0,0,53,17,30,49,7,20,83,10,7,0,0,0,22,21,0,0,16
1500000US480410006031,480410006031,"Block Group 1, Census Tract 6.03, Brazos County, Texas",787,267,17,30,0,0,0,0,0,21,44,20,7,0,68,7,30,0,4,0,0,0,0,19,0
1500000US480410006032,480410006032,"Block Group 2, Census Tract 6.03, Brazos County, Texas",720,379,8,7,60,24,0,8,0,0,38,10,39,53,0,15,41,13,0,0,49,7,0,0,7
1500000US480410006033,480410006033,"Block Group 3, Census Tract 6.03, Brazos County, Texas",1424,636,13,11,39,0,23,0,0,38,52,6,96,66,75,110,53,8,12,20,0,0,6,0,8
1500000US480410006034,480410006034,"Block Group 4, Census Tract 6.03, Brazos County, Texas",1787,902,96,47,40,72,17,0,42,103,97,15,115,49,58,35,48,8,21,25,0,14,0,0,0
1500000US480410006041,480410006041,"Block Group 1, Census Tract 6.04, Brazos County, Texas",1768,737,118,46,77,20,0,13,34,21,99,23,99,117,0,29,5,15,12,0,9,0,0,0,0
1500000US480410006042,480410006042,"Block Group 2, Census Tract 6.04, Brazos County, Texas",747,430,54,73,15,32,20,0,7,4,7,34,57,30,53,0,10,0,0,0,0,34,0,0,0
1500000US480410006043,480410006043,"Block Group 3, Census Tract 6.04, Brazos County, Texas",2217,1330,159,115,106,41,40,57,14,89,132,75,37,46,146,153,26,10,27,46,0,11,0,0,0
1500000US480410006044,480410006044,"Block Group 4, Census Tract 6.04, Brazos County, Texas",1015,424,71,63,38,0,12,17,10,9,42,26,13,11,32,14,15,0,0,0,23,28,0,0,0
1500000US480410007001,480410007001,"Block Group 1, Census Tract 7, Brazos County, Texas",860,465,92,60,73,24,0,0,12,8,57,47,35,0,16,16,7,9,0,0,0,0,9,0,0
1500000US480410007002,480410007002,"Block Group 2, Census Tract 7, Brazos County, Texas",699,330,0,0,11,0,26,10,7,45,0,24,11,0,41,8,18,7,6,9,19,0,41,20,27
1500000US480410007003,480410007003,"Block Group 3, Census Tract 7, Brazos County, Texas",653,373,0,64,0,0,5,0,7,50,64,0,8,58,17,40,6,0,0,7,15,0,17,15,0
1500000US480410007004,480410007004,"Block Group 4, Census Tract 7, Brazos County, Texas",639,352,0,32,21,11,0,0,0,10,44,43,11,9,61,0,14,22,0,0,7,32,8,0,27
1500000US480410008001,480410008001,"Block Group 1, Census Tract 8, Brazos County, Texas",714,265,0,18,30,0,0,0,10,0,34,8,0,18,28,24,22,0,48,0,25,0,0,0,0
1500000US480410008002,480410008002,"Block Group 2, Census Tract 8, Brazos County, Texas",1072,631,59,57,34,18,15,39,0,0,10,40,0,48,107,27,18,0,10,13,43,17,20,45,11
1500000US480410008003,480410008003,"Block Group 3, Census Tract 8, Brazos County, Texas",2413,1357,67,20,97,17,158,18,18,34,157,137,21,57,56,36,56,22,74,16,15,57,46,51,127
1500000US480410008004,480410008004,"Block Group 4, Census Tract 8, Brazos County, Texas",698,327,0,43,0,0,0,0,23,0,42,20,50,0,16,0,31,31,0,0,48,23,0,0,0
1500000US480410009001,480410009001,"Block Group 1, Census Tract 9, Brazos County, Texas",1506,774,67,79,76,21,0,0,40,22,82,101,68,45,45,29,22,4,46,3,8,9,0,3,4
1500000US480410009002,480410009002,"Block Group 2, Census Tract 9, Brazos County, Texas",951,446,16,26,59,0,0,9,8,46,48,44,18,36,13,56,10,0,0,5,12,40,0,0,0
1500000US480410010001,480410010001,"Block Group 1, Census Tract 10, Brazos County, Texas",1332,628,0,45,16,0,0,0,224,0,48,53,3,0,45,12,56,0,0,0,0,51,22,53,0
1500000US480410010002,480410010002,"Block Group 2, Census Tract 10, Brazos County, Texas",2234,980,0,0,0,0,35,149,186,328,213,19,14,0,0,0,0,0,0,36,0,0,0,0,0
1500000US480410010003,480410010003,"Block Group 3, Census Tract 10, Brazos County, Texas",3834,1715,190,140,118,41,87,219,204,178,157,63,73,109,14,70,0,0,0,0,0,52,0,0,0
1500000US480410010004,480410010004,"Block Group 4, Census Tract 10, Brazos County, Texas",1051,314,10,20,32,16,10,0,0,12,48,13,62,33,16,13,19,0,10,0,0,0,0,0,0
1500000US480410011001,480410011001,"Block Group 1, Census Tract 11, Brazos County, Texas",1272,789,149,42,0,24,12,0,0,320,115,0,15,20,0,0,17,0,0,0,12,11,15,22,15
1500000US480410011002,480410011002,"Block Group 2, Census Tract 11, Brazos County, Texas",1317,731,84,0,106,0,0,42,75,0,94,43,31,19,62,31,0,23,16,16,12,26,13,9,29
1500000US480410011003,480410011003,"Block Group 3, Census Tract 11, Brazos County, Texas",1209,611,27,0,71,24,0,0,0,12,16,61,7,78,0,94,40,0,27,0,63,55,0,36,0
1500000US480410011004,480410011004,"Block Group 4, Census Tract 11, Brazos County, Texas",779,311,20,10,52,18,0,0,0,0,0,32,18,7,0,38,13,51,0,14,0,21,11,6,0
1500000US480410013011,480410013011,"Block Group 1, Census Tract 13.01, Brazos County, Texas",1967,1025,62,4,19,0,74,213,190,223,105,75,0,20,0,15,25,0,0,0,0,0,0,0,0
1500000US480410013012,480410013012,"Block Group 2, Census Tract 13.01, Brazos County, Texas",872,381,10,66,0,0,5,9,24,17,72,30,7,16,16,36,7,14,0,0,0,28,12,12,0
1500000US480410013021,480410013021,"Block Group 1, Census Tract 13.02, Brazos County, Texas",1888,851,127,9,10,0,74,71,34,195,139,84,60,21,21,0,0,0,6,0,0,0,0,0,0
1500000US480410013022,480410013022,"Block Group 2, Census Tract 13.02, Brazos County, Texas",1978,1097,16,8,81,40,63,9,87,161,113,29,21,77,38,132,31,6,28,35,7,75,22,9,9
1500000US480410013023,480410013023,"Block Group 3, Census Tract 13.02, Brazos County, Texas",471,211,7,0,7,0,0,0,0,77,33,27,0,0,0,11,0,12,8,0,0,22,0,7,0
1500000US480410013031,480410013031,"Block Group 1, Census Tract 13.03, Brazos County, Texas",1278,704,53,18,82,11,9,208,29,0,12,52,78,18,0,0,102,0,0,21,0,9,0,0,2
1500000US480410013032,480410013032,"Block Group 2, Census Tract 13.03, Brazos County, Texas",1748,470,34,0,0,0,53,42,57,92,108,66,0,10,0,0,0,0,0,0,0,8,0,0,0
1500000US480410013033,480410013033,"Block Group 3, Census Tract 13.03, Brazos County, Texas",1508,778,11,22,17,20,376,82,55,81,13,71,30,0,0,0,0,0,0,0,0,0,0,0,0
1500000US480410013034,480410013034,"Block Group 4, Census Tract 13.03, Brazos County, Texas",1031,291,11,0,0,0,36,17,34,37,13,37,0,0,0,47,0,0,0,0,2,0,0,0,57
1500000US480410014001,480410014001,"Block Group 1, Census Tract 14, Brazos County, Texas",375,270,21,0,0,10,11,28,57,36,84,17,0,0,0,0,0,0,6,0,0,0,0,0,0
1500000US480410014002,480410014002,"Block Group 2, Census Tract 14, Brazos County, Texas",1378,385,0,0,10,0,18,0,56,118,108,53,13,9,0,0,0,0,0,0,0,0,0,0,0
1500000US480410014003,480410014003,"Block Group 3, Census Tract 14, Brazos County, Texas",1302,529,20,0,0,0,201,38,28,127,81,11,0,0,9,7,0,0,0,0,0,0,0,0,7
1500000US480410016011,480410016011,"Block Group 1, Census Tract 16.01, Brazos County, Texas",1884,970,16,11,0,0,0,69,214,386,115,92,3,0,26,6,8,20,0,0,0,0,0,4,0
1500000US480410016012,480410016012,"Block Group 2, Census Tract 16.01, Brazos County, Texas",809,449,90,72,25,0,0,28,12,78,56,41,0,0,0,8,11,0,0,0,0,5,8,15,0
1500000US480410016013,480410016013,"Block Group 3, Census Tract 16.01, Brazos County, Texas",2147,1223,37,43,55,4,24,143,313,176,37,40,28,45,10,42,53,51,12,5,10,51,21,23,0
1500000US480410016041,480410016041,"Block Group 1, Census Tract 16.04, Brazos County, Texas",2203,1187,100,43,51,66,33,17,33,220,154,88,14,28,19,0,71,91,0,17,0,67,0,13,62
1500000US480410016042,480410016042,"Block Group 2, Census Tract 16.04, Brazos County, Texas",677,240,0,7,7,4,0,15,21,0,35,0,7,11,18,0,15,0,14,15,18,22,0,31,0
1500000US480410016043,480410016043,"Block Group 3, Census Tract 16.04, Brazos County, Texas",2467,1286,46,0,10,19,136,200,331,313,100,11,23,13,46,0,0,0,0,17,0,0,0,0,21
1500000US480410016051,480410016051,"Block Group 1, Census Tract 16.05, Brazos County, Texas",1139,623,43,7,60,15,0,56,39,118,61,47,63,17,11,0,8,31,18,0,12,13,4,0,0
1500000US480410016052,480410016052,"Block Group 2, Census Tract 16.05, Brazos County, Texas",2364,1122,94,22,39,11,107,92,92,207,182,66,51,10,15,44,25,0,11,0,0,23,0,0,31
1500000US480410016061,480410016061,"Block Group 1, Census Tract 16.06, Brazos County, Texas",1366,543,4,0,0,0,31,69,110,110,73,14,18,12,11,61,13,0,9,0,3,0,0,5,0
1500000US480410016062,480410016062,"Block Group 2, Census Tract 16.06, Brazos County, Texas",1773,922,9,43,45,41,55,177,123,144,8,100,25,19,0,11,12,0,0,13,4,8,24,48,13
1500000US480410017011,480410017011,"Block Group 1, Census Tract 17.01, Brazos County, Texas",1947,973,0,82,0,0,191,192,105,191,59,42,39,0,48,0,0,24,0,0,0,0,0,0,0
1500000US480410017012,480410017012,"Block Group 2, Census Tract 17.01, Brazos County, Texas",1277,725,87,0,0,14,105,0,64,130,124,25,0,59,38,28,29,0,0,22,0,0,0,0,0
1500000US480410017013,480410017013,"Block Group 3, Census Tract 17.01, Brazos County, Texas",1832,896,17,28,0,16,67,112,122,168,220,102,0,0,31,0,0,0,13,0,0,0,0,0,0
1500000US480410017021,480410017021,"Block Group 1, Census Tract 17.02, Brazos County, Texas",1153,528,11,24,44,30,14,92,11,22,31,66,14,29,23,20,33,21,0,33,0,0,0,10,0
1500000US480410017022,480410017022,"Block Group 2, Census Tract 17.02, Brazos County, Texas",2142,1396,13,137,54,259,4,141,109,246,79,119,83,0,21,59,14,0,14,0,12,8,6,18,0
1500000US480410018011,480410018011,"Block Group 1, Census Tract 18.01, Brazos County, Texas",2136,1195,118,99,129,15,0,17,75,119,140,54,76,35,41,44,90,20,0,26,21,39,16,0,21
1500000US480410018012,480410018012,"Block Group 2, Census Tract 18.01, Brazos County, Texas",2171,1153,74,10,81,18,65,0,19,122,53,55,272,51,73,60,74,19,0,26,0,27,45,9,0
1500000US480410018031,480410018031,"Block Group 1, Census Tract 18.03, Brazos County, Texas",2437,1182,84,91,64,18,29,0,76,152,195,195,91,23,16,15,46,18,0,0,28,41,0,0,0
1500000US480410018032,480410018032,"Block Group 2, Census Tract 18.03, Brazos County, Texas",2621,1308,36,35,67,114,136,21,30,126,0,75,50,55,101,87,72,73,45,0,16,17,39,69,44
1500000US480410018033,480410018033,"Block Group 3, Census Tract 18.03, Brazos County, Texas",1588,859,44,18,0,0,49,183,71,142,40,58,39,7,0,134,31,0,16,13,0,0,14,0,0
1500000US480410018041,480410018041,"Block Group 1, Census Tract 18.04, Brazos County, Texas",1087,786,106,11,38,23,77,33,30,114,86,98,0,51,32,48,17,0,9,7,0,0,0,6,0
1500000US480410019001,480410019001,"Block Group 1, Census Tract 19, Brazos County, Texas",1581,758,31,25,21,0,0,0,0,24,16,0,76,0,21,88,43,38,42,0,49,118,57,95,14
1500000US480410019002,480410019002,"Block Group 2, Census Tract 19, Brazos County, Texas",989,591,13,15,0,0,40,0,0,43,51,43,14,0,0,20,0,19,12,0,21,70,63,62,105
1500000US480410019003,480410019003,"Block Group 3, Census Tract 19, Brazos County, Texas",753,300,23,39,0,0,25,41,0,0,56,35,16,0,19,25,0,12,0,0,0,0,0,0,9
1500000US480410019004,480410019004,"Block Group 4, Census Tract 19, Brazos County, Texas",1174,676,18,0,62,12,36,0,24,75,66,33,0,31,50,54,94,0,17,0,0,66,27,11,0
1500000US480410019005,480410019005,"Block Group 5, Census Tract 19, Brazos County, Texas",1130,606,77,30,56,0,0,0,0,0,161,0,43,14,7,38,59,0,0,0,10,19,48,44,0
1500000US480410020011,480410020011,"Block Group 1, Census Tract 20.01, Brazos County, Texas",2137,920,53,32,41,27,19,0,68,24,67,108,51,56,34,89,100,10,14,13,9,28,31,25,21
1500000US480410020012,480410020012,"Block Group 2, Census Tract 20.01, Brazos County, Texas",2548,1223,69,75,86,28,9,13,0,12,44,36,85,117,68,103,72,44,128,28,11,79,57,36,23
1500000US480410020021,480410020021,"Block Group 1, Census Tract 20.02, Brazos County, Texas",1310,708,26,92,43,0,0,0,16,0,87,85,67,80,20,90,18,10,18,30,0,26,0,0,0
1500000US480410020022,480410020022,"Block Group 2, Census Tract 20.02, Brazos County, Texas",3277,1699,61,147,0,0,25,20,27,198,118,147,109,80,115,65,219,36,58,0,36,0,26,92,120
1500000US480410020023,480410020023,"Block Group 3, Census Tract 20.02, Brazos County, Texas",2125,1156,31,75,53,14,9,23,83,185,85,29,85,86,17,157,15,30,14,0,16,65,13,29,42
1500000US480410020061,480410020061,"Block Group 1, Census Tract 20.06, Brazos County, Texas",1584,848,49,25,70,44,0,21,38,22,38,42,77,54,56,22,73,64,0,0,26,12,41,54,20
1500000US480410020071,480410020071,"Block Group 1, Census Tract 20.07, Brazos County, Texas",3083,1327,91,69,197,117,22,0,25,130,83,94,182,145,41,25,22,0,18,0,14,52,0,0,0
1500000US480410020072,480410020072,"Block Group 2, Census Tract 20.07, Brazos County, Texas",3889,1589,106,91,137,8,128,43,109,119,318,203,42,89,76,70,0,0,0,0,0,50,0,0,0
1500000US480410020081,480410020081,"Block Group 1, Census Tract 20.08, Brazos County, Texas",4104,1925,243,105,190,99,31,12,0,71,170,154,158,253,98,39,121,30,12,36,43,37,0,23,0
1500000US480410020082,480410020082,"Block Group 2, Census Tract 20.08, Brazos County, Texas",2645,1354,155,155,155,40,0,0,0,0,57,137,63,146,149,83,53,35,46,0,14,0,35,16,15
1500000US480410020091,480410020091,"Block Group 1, Census Tract 20.09, Brazos County, Texas",914,508,22,21,22,0,7,6,0,79,36,22,8,20,16,84,31,0,37,20,22,30,16,9,0
1500000US480410020092,480410020092,"Block Group 2, Census Tract 20.09, Brazos County, Texas",3439,1752,150,238,165,39,9,0,0,18,38,78,143,207,71,60,125,69,88,28,51,97,32,46,0
1500000US480410020101,480410020101,"Block Group 1, Census Tract 20.10, Brazos County, Texas",1186,587,18,33,59,39,4,43,10,5,9,33,22,54,69,36,53,28,15,28,20,9,0,0,0
1500000US480410020102,480410020102,"Block Group 2, Census Tract 20.10, Brazos County, Texas",1601,787,91,66,64,8,0,21,32,0,28,46,51,67,56,82,40,16,28,16,48,27,0,0,0
1500000US480410020111,480410020111,"Block Group 1, Census Tract 20.11, Brazos County, Texas",964,532,63,26,31,9,0,53,9,9,0,45,32,28,46,19,38,0,46,10,15,3,15,35,0
1500000US480410020112,480410020112,"Block Group 2, Census Tract 20.11, Brazos County, Texas",2197,1186,33,79,119,28,27,59,128,90,86,50,124,86,76,21,73,27,12,11,0,13,44,0,0
1500000US480410020121,480410020121,"Block Group 1, Census Tract 20.12, Brazos County, Texas",1374,868,0,0,0,49,285,214,173,34,32,0,0,0,66,0,0,0,15,0,0,0,0,0,0
1500000US480410020122,480410020122,"Block Group 2, Census Tract 20.12, Brazos County, Texas",2366,1249,0,0,0,0,184,230,313,420,12,13,0,0,16,61,0,0,0,0,0,0,0,0,0
1500000US480410020123,480410020123,"Block Group 3, Census Tract 20.12, Brazos County, Texas",3065,1526,13,0,0,28,123,697,384,160,24,0,0,0,30,0,0,12,0,0,14,0,0,41,0
1500000US480410020131,480410020131,"Block Group 1, Census Tract 20.13, Brazos County, Texas",3256,2010,88,86,147,116,103,255,283,95,99,101,95,124,46,56,57,69,60,6,62,45,5,0,12
1500000US480410020132,480410020132,"Block Group 2, Census Tract 20.13, Brazos County, Texas",2350,1245,80,33,99,0,108,93,67,156,200,36,0,59,133,46,22,23,21,21,6,26,10,6,0
1500000US480410020141,480410020141,"Block Group 1, Census Tract 20.14, Brazos County, Texas",809,426,0,0,69,42,0,0,0,0,14,13,19,0,58,30,18,39,25,6,4,48,17,10,14
1500000US480410020142,480410020142,"Block Group 2, Census Tract 20.14, Brazos County, Texas",819,420,26,5,0,0,99,86,61,99,15,0,0,5,0,6,0,6,0,0,6,6,0,0,0
1500000US480410020151,480410020151,"Block Group 1, Census Tract 20.15, Brazos County, Texas",9344,3626,0,0,0,27,2843,517,223,6,0,0,0,0,0,0,10,0,0,0,0,0,0,0,0
1500000US480419800001,480419800001,"Block Group 1, Census Tract 9800, Brazos County, Texas",4,0,0,0,0,0,0,0,0,0,0,0,0,0,0,0,0,0,0,0,0,0,0,0,0
