GEO.id,Id
GEO.id2,Id2
GEO.display-label,Geography
HD01_VD01,Estimate; Total:
HD01_VD26,Estimate; Female:
HD01_VD27,Estimate; Female: - Under 5 years
HD01_VD28,Estimate; Female: - 5 to 9 years
HD01_VD29,Estimate; Female: - 10 to 14 years
HD01_VD30,Estimate; Female: - 15 to 17 years
HD01_VD31,Estimate; Female: - 18 and 19 years
HD01_VD32,Estimate; Female: - 20 years
HD01_VD33,Estimate; Female: - 21 years
HD01_VD34,Estimate; Female: - 22 to 24 years
HD01_VD35,Estimate; Female: - 25 to 29 years
HD01_VD36,Estimate; Female: - 30 to 34 years
HD01_VD37,Estimate; Female: - 35 to 39 years
HD01_VD38,Estimate; Female: - 40 to 44 years
HD01_VD39,Estimate; Female: - 45 to 49 years
HD01_VD40,Estimate; Female: - 50 to 54 years
HD01_VD41,Estimate; Female: - 55 to 59 years
HD01_VD42,Estimate; Female: - 60 and 61 years
HD01_VD43,Estimate; Female: - 62 to 64 years
HD01_VD44,Estimate; Female: - 65 and 66 years
HD01_VD45,Estimate; Female: - 67 to 69 years
HD01_VD46,Estimate; Female: - 70 to 74 years
HD01_VD47,Estimate; Female: - 75 to 79 years
HD01_VD48,Estimate; Female: - 80 to 84 years
HD01_VD49,Estimate; Female: - 85 years and over
