GEO.id,GEO.id2,GEO.display-label,HD01_VD01
Id,Id2,Geography,Estimate; Aggregate gross rent
1500000US480410001011,480410001011,"Block Group 1, Census Tract 1.01, Brazos County, Texas",58600
1500000US480410001013,480410001013,"Block Group 3, Census Tract 1.01, Brazos County, Texas",310600
1500000US480410001014,480410001014,"Block Group 4, Census Tract 1.01, Brazos County, Texas",59400
1500000US480410001021,480410001021,"Block Group 1, Census Tract 1.02, Brazos County, Texas",85100
1500000US480410001022,480410001022,"Block Group 2, Census Tract 1.02, Brazos County, Texas",113900
1500000US480410001031,480410001031,"Block Group 1, Census Tract 1.03, Brazos County, Texas",53200
1500000US480410002011,480410002011,"Block Group 1, Census Tract 2.01, Brazos County, Texas",470900
1500000US480410002012,480410002012,"Block Group 2, Census Tract 2.01, Brazos County, Texas",309100
1500000US480410002013,480410002013,"Block Group 3, Census Tract 2.01, Brazos County, Texas",532800
1500000US480410002014,480410002014,"Block Group 4, Census Tract 2.01, Brazos County, Texas",423700
1500000US480410002021,480410002021,"Block Group 1, Census Tract 2.02, Brazos County, Texas",62000
1500000US480410002022,480410002022,"Block Group 2, Census Tract 2.02, Brazos County, Texas",83200
1500000US480410002024,480410002024,"Block Group 4, Census Tract 2.02, Brazos County, Texas",33600
1500000US480410002025,480410002025,"Block Group 5, Census Tract 2.02, Brazos County, Texas",
1500000US480410003002,480410003002,"Block Group 2, Census Tract 3, Brazos County, Texas",261300
1500000US480410003003,480410003003,"Block Group 3, Census Tract 3, Brazos County, Texas",103500
1500000US480410003004,480410003004,"Block Group 4, Census Tract 3, Brazos County, Texas",47100
1500000US480410004001,480410004001,"Block Group 1, Census Tract 4, Brazos County, Texas",156900
1500000US480410004002,480410004002,"Block Group 2, Census Tract 4, Brazos County, Texas",160500
1500000US480410004003,480410004003,"Block Group 3, Census Tract 4, Brazos County, Texas",
1500000US480410004004,480410004004,"Block Group 4, Census Tract 4, Brazos County, Texas",351700
1500000US480410005001,480410005001,"Block Group 1, Census Tract 5, Brazos County, Texas",43700
1500000US480410005002,480410005002,"Block Group 2, Census Tract 5, Brazos County, Texas",23900
1500000US480410005003,480410005003,"Block Group 3, Census Tract 5, Brazos County, Texas",145000
1500000US480410005004,480410005004,"Block Group 4, Census Tract 5, Brazos County, Texas",324100
1500000US480410005005,480410005005,"Block Group 5, Census Tract 5, Brazos County, Texas",46500
1500000US480410006031,480410006031,"Block Group 1, Census Tract 6.03, Brazos County, Texas",115900
1500000US480410006032,480410006032,"Block Group 2, Census Tract 6.03, Brazos County, Texas",64100
1500000US480410006033,480410006033,"Block Group 3, Census Tract 6.03, Brazos County, Texas",159300
1500000US480410006034,480410006034,"Block Group 4, Census Tract 6.03, Brazos County, Texas",149000
1500000US480410006041,480410006041,"Block Group 1, Census Tract 6.04, Brazos County, Texas",114600
1500000US480410006043,480410006043,"Block Group 3, Census Tract 6.04, Brazos County, Texas",277900
1500000US480410006044,480410006044,"Block Group 4, Census Tract 6.04, Brazos County, Texas",100500
1500000US480410007001,480410007001,"Block Group 1, Census Tract 7, Brazos County, Texas",144300
1500000US480410007002,480410007002,"Block Group 2, Census Tract 7, Brazos County, Texas",126000
1500000US480410007003,480410007003,"Block Group 3, Census Tract 7, Brazos County, Texas",103400
1500000US480410007004,480410007004,"Block Group 4, Census Tract 7, Brazos County, Texas",68800
1500000US480410008002,480410008002,"Block Group 2, Census Tract 8, Brazos County, Texas",44000
1500000US480410008003,480410008003,"Block Group 3, Census Tract 8, Brazos County, Texas",528300
1500000US480410008004,480410008004,"Block Group 4, Census Tract 8, Brazos County, Texas",153700
1500000US480410009001,480410009001,"Block Group 1, Census Tract 9, Brazos County, Texas",266600
1500000US480410009002,480410009002,"Block Group 2, Census Tract 9, Brazos County, Texas",247900
1500000US480410010001,480410010001,"Block Group 1, Census Tract 10, Brazos County, Texas",304400
1500000US480410010002,480410010002,"Block Group 2, Census Tract 10, Brazos County, Texas",874800
1500000US480410010003,480410010003,"Block Group 3, Census Tract 10, Brazos County, Texas",1106500
1500000US480410010004,480410010004,"Block Group 4, Census Tract 10, Brazos County, Texas",280800
1500000US480410011001,480410011001,"Block Group 1, Census Tract 11, Brazos County, Texas",383500
1500000US480410011002,480410011002,"Block Group 2, Census Tract 11, Brazos County, Texas",435400
1500000US480410011003,480410011003,"Block Group 3, Census Tract 11, Brazos County, Texas",131000
1500000US480410013011,480410013011,"Block Group 1, Census Tract 13.01, Brazos County, Texas",807300
1500000US480410013012,480410013012,"Block Group 2, Census Tract 13.01, Brazos County, Texas",238400
1500000US480410013021,480410013021,"Block Group 1, Census Tract 13.02, Brazos County, Texas",734400
1500000US480410013022,480410013022,"Block Group 2, Census Tract 13.02, Brazos County, Texas",363800
1500000US480410013023,480410013023,"Block Group 3, Census Tract 13.02, Brazos County, Texas",167000
1500000US480410013031,480410013031,"Block Group 1, Census Tract 13.03, Brazos County, Texas",367300
1500000US480410013032,480410013032,"Block Group 2, Census Tract 13.03, Brazos County, Texas",673500
1500000US480410013033,480410013033,"Block Group 3, Census Tract 13.03, Brazos County, Texas",403400
1500000US480410013034,480410013034,"Block Group 4, Census Tract 13.03, Brazos County, Texas",387400
1500000US480410014001,480410014001,"Block Group 1, Census Tract 14, Brazos County, Texas",127200
1500000US480410014002,480410014002,"Block Group 2, Census Tract 14, Brazos County, Texas",503600
1500000US480410014003,480410014003,"Block Group 3, Census Tract 14, Brazos County, Texas",266200
1500000US480410016011,480410016011,"Block Group 1, Census Tract 16.01, Brazos County, Texas",740200
1500000US480410016012,480410016012,"Block Group 2, Census Tract 16.01, Brazos County, Texas",174700
1500000US480410016013,480410016013,"Block Group 3, Census Tract 16.01, Brazos County, Texas",496100
1500000US480410016041,480410016041,"Block Group 1, Census Tract 16.04, Brazos County, Texas",712500
1500000US480410016042,480410016042,"Block Group 2, Census Tract 16.04, Brazos County, Texas",126700
1500000US480410016043,480410016043,"Block Group 3, Census Tract 16.04, Brazos County, Texas",1079400
1500000US480410016051,480410016051,"Block Group 1, Census Tract 16.05, Brazos County, Texas",385900
1500000US480410016052,480410016052,"Block Group 2, Census Tract 16.05, Brazos County, Texas",769800
1500000US480410016061,480410016061,"Block Group 1, Census Tract 16.06, Brazos County, Texas",379300
1500000US480410016062,480410016062,"Block Group 2, Census Tract 16.06, Brazos County, Texas",663100
1500000US480410017011,480410017011,"Block Group 1, Census Tract 17.01, Brazos County, Texas",1087200
1500000US480410017012,480410017012,"Block Group 2, Census Tract 17.01, Brazos County, Texas",383100
1500000US480410017013,480410017013,"Block Group 3, Census Tract 17.01, Brazos County, Texas",823100
1500000US480410017021,480410017021,"Block Group 1, Census Tract 17.02, Brazos County, Texas",219400
1500000US480410017022,480410017022,"Block Group 2, Census Tract 17.02, Brazos County, Texas",545300
1500000US480410018011,480410018011,"Block Group 1, Census Tract 18.01, Brazos County, Texas",626300
1500000US480410018012,480410018012,"Block Group 2, Census Tract 18.01, Brazos County, Texas",485900
1500000US480410018031,480410018031,"Block Group 1, Census Tract 18.03, Brazos County, Texas",679100
1500000US480410018032,480410018032,"Block Group 2, Census Tract 18.03, Brazos County, Texas",432500
1500000US480410018033,480410018033,"Block Group 3, Census Tract 18.03, Brazos County, Texas",495900
1500000US480410018041,480410018041,"Block Group 1, Census Tract 18.04, Brazos County, Texas",342400
1500000US480410019001,480410019001,"Block Group 1, Census Tract 19, Brazos County, Texas",
1500000US480410019002,480410019002,"Block Group 2, Census Tract 19, Brazos County, Texas",339800
1500000US480410019003,480410019003,"Block Group 3, Census Tract 19, Brazos County, Texas",89000
1500000US480410019004,480410019004,"Block Group 4, Census Tract 19, Brazos County, Texas",226800
1500000US480410019005,480410019005,"Block Group 5, Census Tract 19, Brazos County, Texas",164100
1500000US480410020011,480410020011,"Block Group 1, Census Tract 20.01, Brazos County, Texas",134600
1500000US480410020012,480410020012,"Block Group 2, Census Tract 20.01, Brazos County, Texas",114600
1500000US480410020021,480410020021,"Block Group 1, Census Tract 20.02, Brazos County, Texas",203600
1500000US480410020022,480410020022,"Block Group 2, Census Tract 20.02, Brazos County, Texas",1073100
1500000US480410020023,480410020023,"Block Group 3, Census Tract 20.02, Brazos County, Texas",549700
1500000US480410020061,480410020061,"Block Group 1, Census Tract 20.06, Brazos County, Texas",311200
1500000US480410020071,480410020071,"Block Group 1, Census Tract 20.07, Brazos County, Texas",360200
1500000US480410020072,480410020072,"Block Group 2, Census Tract 20.07, Brazos County, Texas",1048000
1500000US480410020081,480410020081,"Block Group 1, Census Tract 20.08, Brazos County, Texas",290000
1500000US480410020082,480410020082,"Block Group 2, Census Tract 20.08, Brazos County, Texas",150100
1500000US480410020091,480410020091,"Block Group 1, Census Tract 20.09, Brazos County, Texas",
1500000US480410020101,480410020101,"Block Group 1, Census Tract 20.10, Brazos County, Texas",44900
1500000US480410020111,480410020111,"Block Group 1, Census Tract 20.11, Brazos County, Texas",50100
1500000US480410020112,480410020112,"Block Group 2, Census Tract 20.11, Brazos County, Texas",151800
1500000US480410020121,480410020121,"Block Group 1, Census Tract 20.12, Brazos County, Texas",616000
1500000US480410020122,480410020122,"Block Group 2, Census Tract 20.12, Brazos County, Texas",943000
1500000US480410020123,480410020123,"Block Group 3, Census Tract 20.12, Brazos County, Texas",1461200
1500000US480410020131,480410020131,"Block Group 1, Census Tract 20.13, Brazos County, Texas",435300
1500000US480410020132,480410020132,"Block Group 2, Census Tract 20.13, Brazos County, Texas",474000
1500000US480410020141,480410020141,"Block Group 1, Census Tract 20.14, Brazos County, Texas",71800
1500000US480410020142,480410020142,"Block Group 2, Census Tract 20.14, Brazos County, Texas",311800
1500000US480419800001,480419800001,"Block Group 1, Census Tract 9800, Brazos County, Texas",
