GEO.id,GEO.id2,GEO.display-label,HD01_VD01
Id,Id2,Geography,Estimate; Aggregate gross rent
1500000US480410002025,480410002025,"Block Group 5, Census Tract 2.02, Brazos County, Texas",$-
1500000US480410004003,480410004003,"Block Group 3, Census Tract 4, Brazos County, Texas",$-
1500000US480410019001,480410019001,"Block Group 1, Census Tract 19, Brazos County, Texas",$-
1500000US480410020091,480410020091,"Block Group 1, Census Tract 20.09, Brazos County, Texas",$-
1500000US480419800001,480419800001,"Block Group 1, Census Tract 9800, Brazos County, Texas",$-
