GEO.id,GEO.id2,GEO.display-label,HD01_VD01,HD01_VD02,HD01_VD03,HD01_VD10,HD01_VD17,HD01_VD18,HD01_VD25
Id,Id2,Geography,Estimate; Total:,Estimate; 18 to 64 years:,Estimate; 18 to 64 years: - Veteran:,Estimate; 18 to 64 years: - Nonveteran:,Estimate; 65 years and over:,Estimate; 65 years and over: - Veteran:,Estimate; 65 years and over: - Nonveteran:
1500000US480410001011,480410001011,"Block Group 1, Census Tract 1.01, Brazos County, Texas",967,713,0,713,254,88,166
1500000US480410001012,480410001012,"Block Group 2, Census Tract 1.01, Brazos County, Texas",1357,1113,0,1113,244,27,217
1500000US480410001013,480410001013,"Block Group 3, Census Tract 1.01, Brazos County, Texas",1923,1734,75,1659,189,87,102
1500000US480410001014,480410001014,"Block Group 4, Census Tract 1.01, Brazos County, Texas",1292,1153,77,1076,139,51,88
1500000US480410001021,480410001021,"Block Group 1, Census Tract 1.02, Brazos County, Texas",2134,1610,146,1464,524,121,403
1500000US480410001022,480410001022,"Block Group 2, Census Tract 1.02, Brazos County, Texas",2371,2148,127,2021,223,82,141
1500000US480410001031,480410001031,"Block Group 1, Census Tract 1.03, Brazos County, Texas",1241,1030,62,968,211,15,196
1500000US480410002011,480410002011,"Block Group 1, Census Tract 2.01, Brazos County, Texas",1216,1144,18,1126,72,0,72
1500000US480410002012,480410002012,"Block Group 2, Census Tract 2.01, Brazos County, Texas",749,749,0,749,0,0,0
1500000US480410002013,480410002013,"Block Group 3, Census Tract 2.01, Brazos County, Texas",1073,1030,43,987,43,0,43
1500000US480410002014,480410002014,"Block Group 4, Census Tract 2.01, Brazos County, Texas",2262,2065,34,2031,197,45,152
1500000US480410002021,480410002021,"Block Group 1, Census Tract 2.02, Brazos County, Texas",1014,897,73,824,117,18,99
1500000US480410002022,480410002022,"Block Group 2, Census Tract 2.02, Brazos County, Texas",1283,1246,30,1216,37,0,37
1500000US480410002023,480410002023,"Block Group 3, Census Tract 2.02, Brazos County, Texas",490,395,16,379,95,13,82
1500000US480410002024,480410002024,"Block Group 4, Census Tract 2.02, Brazos County, Texas",1314,1080,12,1068,234,48,186
1500000US480410002025,480410002025,"Block Group 5, Census Tract 2.02, Brazos County, Texas",204,152,35,117,52,8,44
1500000US480410003001,480410003001,"Block Group 1, Census Tract 3, Brazos County, Texas",678,614,0,614,64,20,44
1500000US480410003002,480410003002,"Block Group 2, Census Tract 3, Brazos County, Texas",1780,1640,0,1640,140,7,133
1500000US480410003003,480410003003,"Block Group 3, Census Tract 3, Brazos County, Texas",1458,1212,136,1076,246,41,205
1500000US480410003004,480410003004,"Block Group 4, Census Tract 3, Brazos County, Texas",837,733,77,656,104,29,75
1500000US480410004001,480410004001,"Block Group 1, Census Tract 4, Brazos County, Texas",1118,889,21,868,229,12,217
1500000US480410004002,480410004002,"Block Group 2, Census Tract 4, Brazos County, Texas",1065,931,61,870,134,19,115
1500000US480410004003,480410004003,"Block Group 3, Census Tract 4, Brazos County, Texas",0,0,0,0,0,0,0
1500000US480410004004,480410004004,"Block Group 4, Census Tract 4, Brazos County, Texas",1069,971,99,872,98,0,98
1500000US480410005001,480410005001,"Block Group 1, Census Tract 5, Brazos County, Texas",451,436,13,423,15,0,15
1500000US480410005002,480410005002,"Block Group 2, Census Tract 5, Brazos County, Texas",446,405,11,394,41,0,41
1500000US480410005003,480410005003,"Block Group 3, Census Tract 5, Brazos County, Texas",912,772,55,717,140,0,140
1500000US480410005004,480410005004,"Block Group 4, Census Tract 5, Brazos County, Texas",1256,1169,116,1053,87,24,63
1500000US480410005005,480410005005,"Block Group 5, Census Tract 5, Brazos County, Texas",616,549,21,528,67,6,61
1500000US480410006031,480410006031,"Block Group 1, Census Tract 6.03, Brazos County, Texas",637,577,47,530,60,15,45
1500000US480410006032,480410006032,"Block Group 2, Census Tract 6.03, Brazos County, Texas",552,426,16,410,126,39,87
1500000US480410006033,480410006033,"Block Group 3, Census Tract 6.03, Brazos County, Texas",1045,930,24,906,115,20,95
1500000US480410006034,480410006034,"Block Group 4, Census Tract 6.03, Brazos County, Texas",1160,1089,6,1083,71,8,63
1500000US480410006041,480410006041,"Block Group 1, Census Tract 6.04, Brazos County, Texas",1144,1121,0,1121,23,0,23
1500000US480410006042,480410006042,"Block Group 2, Census Tract 6.04, Brazos County, Texas",410,357,0,357,53,0,53
1500000US480410006043,480410006043,"Block Group 3, Census Tract 6.04, Brazos County, Texas",1376,1281,100,1181,95,8,87
1500000US480410006044,480410006044,"Block Group 4, Census Tract 6.04, Brazos County, Texas",674,585,0,585,89,0,89
1500000US480410007001,480410007001,"Block Group 1, Census Tract 7, Brazos County, Texas",452,413,0,413,39,7,32
1500000US480410007002,480410007002,"Block Group 2, Census Tract 7, Brazos County, Texas",639,469,30,439,170,47,123
1500000US480410007003,480410007003,"Block Group 3, Census Tract 7, Brazos County, Texas",465,399,31,368,66,7,59
1500000US480410007004,480410007004,"Block Group 4, Census Tract 7, Brazos County, Texas",495,407,3,404,88,25,63
1500000US480410008001,480410008001,"Block Group 1, Census Tract 8, Brazos County, Texas",619,516,16,500,103,38,65
1500000US480410008002,480410008002,"Block Group 2, Census Tract 8, Brazos County, Texas",858,599,53,546,259,76,183
1500000US480410008003,480410008003,"Block Group 3, Census Tract 8, Brazos County, Texas",1794,1421,42,1379,373,88,285
1500000US480410008004,480410008004,"Block Group 4, Census Tract 8, Brazos County, Texas",522,418,13,405,104,12,92
1500000US480410009001,480410009001,"Block Group 1, Census Tract 9, Brazos County, Texas",1058,971,23,948,87,16,71
1500000US480410009002,480410009002,"Block Group 2, Census Tract 9, Brazos County, Texas",704,624,37,587,80,4,76
1500000US480410010001,480410010001,"Block Group 1, Census Tract 10, Brazos County, Texas",1137,944,32,912,193,0,193
1500000US480410010002,480410010002,"Block Group 2, Census Tract 10, Brazos County, Texas",2223,2187,26,2161,36,0,36
1500000US480410010003,480410010003,"Block Group 3, Census Tract 10, Brazos County, Texas",2838,2786,74,2712,52,0,52
1500000US480410010004,480410010004,"Block Group 4, Census Tract 10, Brazos County, Texas",888,888,31,857,0,0,0
1500000US480410011001,480410011001,"Block Group 1, Census Tract 11, Brazos County, Texas",819,792,63,729,27,15,12
1500000US480410011002,480410011002,"Block Group 2, Census Tract 11, Brazos County, Texas",1050,853,123,730,197,38,159
1500000US480410011003,480410011003,"Block Group 3, Census Tract 11, Brazos County, Texas",1057,814,40,774,243,49,194
1500000US480410011004,480410011004,"Block Group 4, Census Tract 11, Brazos County, Texas",633,517,0,517,116,43,73
1500000US480410013011,480410013011,"Block Group 1, Census Tract 13.01, Brazos County, Texas",1840,1840,60,1780,0,0,0
1500000US480410013012,480410013012,"Block Group 2, Census Tract 13.01, Brazos County, Texas",720,635,0,635,85,0,85
1500000US480410013021,480410013021,"Block Group 1, Census Tract 13.02, Brazos County, Texas",1552,1552,36,1516,0,0,0
1500000US480410013022,480410013022,"Block Group 2, Census Tract 13.02, Brazos County, Texas",1699,1433,51,1382,266,63,203
1500000US480410013023,480410013023,"Block Group 3, Census Tract 13.02, Brazos County, Texas",430,372,0,372,58,21,37
1500000US480410013031,480410013031,"Block Group 1, Census Tract 13.03, Brazos County, Texas",1061,1020,62,958,41,0,41
1500000US480410013032,480410013032,"Block Group 2, Census Tract 13.03, Brazos County, Texas",1602,1587,64,1523,15,0,15
1500000US480410013033,480410013033,"Block Group 3, Census Tract 13.03, Brazos County, Texas",1027,1027,12,1015,0,0,0
1500000US480410013034,480410013034,"Block Group 4, Census Tract 13.03, Brazos County, Texas",985,888,13,875,97,38,59
1500000US480410014001,480410014001,"Block Group 1, Census Tract 14, Brazos County, Texas",324,324,0,324,0,0,0
1500000US480410014002,480410014002,"Block Group 2, Census Tract 14, Brazos County, Texas",1322,1322,4,1318,0,0,0
1500000US480410014003,480410014003,"Block Group 3, Census Tract 14, Brazos County, Texas",554,547,17,530,7,0,7
1500000US480410016011,480410016011,"Block Group 1, Census Tract 16.01, Brazos County, Texas",1772,1764,6,1758,8,0,8
1500000US480410016012,480410016012,"Block Group 2, Census Tract 16.01, Brazos County, Texas",530,498,34,464,32,0,32
1500000US480410016013,480410016013,"Block Group 3, Census Tract 16.01, Brazos County, Texas",1907,1690,33,1657,217,50,167
1500000US480410016041,480410016041,"Block Group 1, Census Tract 16.04, Brazos County, Texas",1772,1546,108,1438,226,83,143
1500000US480410016042,480410016042,"Block Group 2, Census Tract 16.04, Brazos County, Texas",616,487,0,487,129,43,86
1500000US480410016043,480410016043,"Block Group 3, Census Tract 16.04, Brazos County, Texas",2370,2315,34,2281,55,17,38
1500000US480410016051,480410016051,"Block Group 1, Census Tract 16.05, Brazos County, Texas",946,913,25,888,33,4,29
1500000US480410016052,480410016052,"Block Group 2, Census Tract 16.05, Brazos County, Texas",1997,1931,0,1931,66,0,66
1500000US480410016061,480410016061,"Block Group 1, Census Tract 16.06, Brazos County, Texas",1303,1206,51,1155,97,58,39
1500000US480410016062,480410016062,"Block Group 2, Census Tract 16.06, Brazos County, Texas",1465,1408,41,1367,57,29,28
1500000US480410017011,480410017011,"Block Group 1, Census Tract 17.01, Brazos County, Texas",1718,1718,57,1661,0,0,0
1500000US480410017012,480410017012,"Block Group 2, Census Tract 17.01, Brazos County, Texas",1065,1043,16,1027,22,0,22
1500000US480410017013,480410017013,"Block Group 3, Census Tract 17.01, Brazos County, Texas",1535,1535,32,1503,0,0,0
1500000US480410017021,480410017021,"Block Group 1, Census Tract 17.02, Brazos County, Texas",941,889,78,811,52,9,43
1500000US480410017022,480410017022,"Block Group 2, Census Tract 17.02, Brazos County, Texas",1258,1202,0,1202,56,0,56
1500000US480410018011,480410018011,"Block Group 1, Census Tract 18.01, Brazos County, Texas",1554,1365,64,1301,189,37,152
1500000US480410018012,480410018012,"Block Group 2, Census Tract 18.01, Brazos County, Texas",1763,1621,51,1570,142,0,142
1500000US480410018031,480410018031,"Block Group 1, Census Tract 18.03, Brazos County, Texas",1931,1800,142,1658,131,13,118
1500000US480410018032,480410018032,"Block Group 2, Census Tract 18.03, Brazos County, Texas",1901,1678,54,1624,223,28,195
1500000US480410018033,480410018033,"Block Group 3, Census Tract 18.03, Brazos County, Texas",1392,1337,31,1306,55,28,27
1500000US480410018041,480410018041,"Block Group 1, Census Tract 18.04, Brazos County, Texas",834,807,27,780,27,0,27
1500000US480410019001,480410019001,"Block Group 1, Census Tract 19, Brazos County, Texas",1311,619,20,599,692,266,426
1500000US480410019002,480410019002,"Block Group 2, Census Tract 19, Brazos County, Texas",785,366,30,336,419,85,334
1500000US480410019003,480410019003,"Block Group 3, Census Tract 19, Brazos County, Texas",568,522,0,522,46,37,9
1500000US480410019004,480410019004,"Block Group 4, Census Tract 19, Brazos County, Texas",1055,904,73,831,151,11,140
1500000US480410019005,480410019005,"Block Group 5, Census Tract 19, Brazos County, Texas",905,748,38,710,157,0,157
1500000US480410020011,480410020011,"Block Group 1, Census Tract 20.01, Brazos County, Texas",1694,1450,153,1297,244,93,151
1500000US480410020012,480410020012,"Block Group 2, Census Tract 20.01, Brazos County, Texas",1926,1445,131,1314,481,131,350
1500000US480410020021,480410020021,"Block Group 1, Census Tract 20.02, Brazos County, Texas",915,847,98,749,68,0,68
1500000US480410020022,480410020022,"Block Group 2, Census Tract 20.02, Brazos County, Texas",2687,2049,37,2012,638,359,279
1500000US480410020023,480410020023,"Block Group 3, Census Tract 20.02, Brazos County, Texas",1778,1523,30,1493,255,15,240
1500000US480410020061,480410020061,"Block Group 1, Census Tract 20.06, Brazos County, Texas",1218,1010,37,973,208,40,168
1500000US480410020071,480410020071,"Block Group 1, Census Tract 20.07, Brazos County, Texas",2085,1966,105,1861,119,0,119
1500000US480410020072,480410020072,"Block Group 2, Census Tract 20.07, Brazos County, Texas",3123,3031,131,2900,92,0,92
1500000US480410020081,480410020081,"Block Group 1, Census Tract 20.08, Brazos County, Texas",2709,2495,236,2259,214,17,197
1500000US480410020082,480410020082,"Block Group 2, Census Tract 20.08, Brazos County, Texas",1655,1522,56,1466,133,25,108
1500000US480410020091,480410020091,"Block Group 1, Census Tract 20.09, Brazos County, Texas",760,551,8,543,209,57,152
1500000US480410020092,480410020092,"Block Group 2, Census Tract 20.09, Brazos County, Texas",2294,1792,79,1713,502,144,358
1500000US480410020101,480410020101,"Block Group 1, Census Tract 20.10, Brazos County, Texas",859,728,30,698,131,30,101
1500000US480410020102,480410020102,"Block Group 2, Census Tract 20.10, Brazos County, Texas",1128,936,39,897,192,24,168
1500000US480410020111,480410020111,"Block Group 1, Census Tract 20.11, Brazos County, Texas",795,601,62,539,194,58,136
1500000US480410020112,480410020112,"Block Group 2, Census Tract 20.11, Brazos County, Texas",1611,1483,77,1406,128,24,104
1500000US480410020121,480410020121,"Block Group 1, Census Tract 20.12, Brazos County, Texas",1325,1325,0,1325,0,0,0
1500000US480410020122,480410020122,"Block Group 2, Census Tract 20.12, Brazos County, Texas",2349,2349,49,2300,0,0,0
1500000US480410020123,480410020123,"Block Group 3, Census Tract 20.12, Brazos County, Texas",3011,2945,15,2930,66,11,55
1500000US480410020131,480410020131,"Block Group 1, Census Tract 20.13, Brazos County, Texas",2486,2261,157,2104,225,41,184
1500000US480410020132,480410020132,"Block Group 2, Census Tract 20.13, Brazos County, Texas",1966,1858,22,1836,108,15,93
1500000US480410020141,480410020141,"Block Group 1, Census Tract 20.14, Brazos County, Texas",616,424,44,380,192,46,146
1500000US480410020142,480410020142,"Block Group 2, Census Tract 20.14, Brazos County, Texas",772,754,4,750,18,0,18
1500000US480410020151,480410020151,"Block Group 1, Census Tract 20.15, Brazos County, Texas",20,20,10,10,0,0,0
1500000US480419800001,480419800001,"Block Group 1, Census Tract 9800, Brazos County, Texas",0,0,0,0,0,0,0
