GEO.id,GEO.id2,GEO.display-label,HD01_VD01,HD01_VD02,HD01_VD03,HD01_VD04,HD01_VD05,HD01_VD06,HD01_VD07
Id,Id2,Geography,Estimate; Total:,Estimate; Total: - White alone,Estimate; Total: - Black or African American alone,Estimate; Total: - American Indian and Alaska Native alone,Estimate; Total: - Asian alone,Estimate; Total: - Native Hawaiian and Other Pacific Islander alone,Estimate; Total: - Some other race alone
1500000US480410001011,480410001011,"Block Group 1, Census Tract 1.01, Brazos County, Texas",1357,1158,30,0,0,0,47
1500000US480410001012,480410001012,"Block Group 2, Census Tract 1.01, Brazos County, Texas",1870,987,360,0,12,0,495
1500000US480410001013,480410001013,"Block Group 3, Census Tract 1.01, Brazos County, Texas",2422,2066,254,0,41,0,0
1500000US480410001014,480410001014,"Block Group 4, Census Tract 1.01, Brazos County, Texas",1887,1533,332,0,0,0,3
1500000US480410001021,480410001021,"Block Group 1, Census Tract 1.02, Brazos County, Texas",2862,2490,25,9,209,0,66
1500000US480410001022,480410001022,"Block Group 2, Census Tract 1.02, Brazos County, Texas",3340,3026,98,0,123,0,50
1500000US480410001031,480410001031,"Block Group 1, Census Tract 1.03, Brazos County, Texas",1707,1537,87,57,0,0,20
1500000US480410002011,480410002011,"Block Group 1, Census Tract 2.01, Brazos County, Texas",1716,798,660,0,26,0,204
1500000US480410002012,480410002012,"Block Group 2, Census Tract 2.01, Brazos County, Texas",823,431,196,0,155,0,0
1500000US480410002013,480410002013,"Block Group 3, Census Tract 2.01, Brazos County, Texas",1163,759,148,0,11,0,232
1500000US480410002014,480410002014,"Block Group 4, Census Tract 2.01, Brazos County, Texas",2757,2209,320,0,53,0,117
1500000US480410002021,480410002021,"Block Group 1, Census Tract 2.02, Brazos County, Texas",1326,987,53,0,0,0,234
1500000US480410002022,480410002022,"Block Group 2, Census Tract 2.02, Brazos County, Texas",2089,1422,286,0,10,0,371
1500000US480410002023,480410002023,"Block Group 3, Census Tract 2.02, Brazos County, Texas",712,378,329,5,0,0,0
1500000US480410002024,480410002024,"Block Group 4, Census Tract 2.02, Brazos County, Texas",3373,2341,619,6,0,0,364
1500000US480410002025,480410002025,"Block Group 5, Census Tract 2.02, Brazos County, Texas",226,213,0,0,13,0,0
1500000US480410003001,480410003001,"Block Group 1, Census Tract 3, Brazos County, Texas",1106,860,191,0,0,0,31
1500000US480410003002,480410003002,"Block Group 2, Census Tract 3, Brazos County, Texas",2932,1624,196,0,0,0,862
1500000US480410003003,480410003003,"Block Group 3, Census Tract 3, Brazos County, Texas",2431,1570,498,31,0,0,332
1500000US480410003004,480410003004,"Block Group 4, Census Tract 3, Brazos County, Texas",1176,862,101,21,1,0,190
1500000US480410004001,480410004001,"Block Group 1, Census Tract 4, Brazos County, Texas",1273,227,941,0,0,0,40
1500000US480410004002,480410004002,"Block Group 2, Census Tract 4, Brazos County, Texas",1639,865,632,0,0,18,63
1500000US480410004003,480410004003,"Block Group 3, Census Tract 4, Brazos County, Texas",822,578,110,22,0,0,56
1500000US480410004004,480410004004,"Block Group 4, Census Tract 4, Brazos County, Texas",1500,1252,107,0,45,0,91
1500000US480410005001,480410005001,"Block Group 1, Census Tract 5, Brazos County, Texas",1506,513,542,0,0,0,405
1500000US480410005002,480410005002,"Block Group 2, Census Tract 5, Brazos County, Texas",604,579,0,0,0,0,0
1500000US480410005003,480410005003,"Block Group 3, Census Tract 5, Brazos County, Texas",1188,517,524,0,0,0,53
1500000US480410005004,480410005004,"Block Group 4, Census Tract 5, Brazos County, Texas",1949,629,1001,0,0,0,288
1500000US480410005005,480410005005,"Block Group 5, Census Tract 5, Brazos County, Texas",1047,573,311,0,0,0,106
1500000US480410006031,480410006031,"Block Group 1, Census Tract 6.03, Brazos County, Texas",787,350,149,7,7,0,267
1500000US480410006032,480410006032,"Block Group 2, Census Tract 6.03, Brazos County, Texas",720,447,26,0,0,0,247
1500000US480410006033,480410006033,"Block Group 3, Census Tract 6.03, Brazos County, Texas",1424,619,571,30,4,0,168
1500000US480410006034,480410006034,"Block Group 4, Census Tract 6.03, Brazos County, Texas",1787,905,225,0,0,0,657
1500000US480410006041,480410006041,"Block Group 1, Census Tract 6.04, Brazos County, Texas",1768,773,31,0,0,0,937
1500000US480410006042,480410006042,"Block Group 2, Census Tract 6.04, Brazos County, Texas",747,554,106,0,0,0,87
1500000US480410006043,480410006043,"Block Group 3, Census Tract 6.04, Brazos County, Texas",2217,897,759,0,14,0,342
1500000US480410006044,480410006044,"Block Group 4, Census Tract 6.04, Brazos County, Texas",1015,694,94,11,0,0,163
1500000US480410007001,480410007001,"Block Group 1, Census Tract 7, Brazos County, Texas",860,491,149,0,0,0,220
1500000US480410007002,480410007002,"Block Group 2, Census Tract 7, Brazos County, Texas",699,613,14,0,0,0,50
1500000US480410007003,480410007003,"Block Group 3, Census Tract 7, Brazos County, Texas",653,354,156,0,0,0,89
1500000US480410007004,480410007004,"Block Group 4, Census Tract 7, Brazos County, Texas",639,417,0,5,7,0,184
1500000US480410008001,480410008001,"Block Group 1, Census Tract 8, Brazos County, Texas",714,638,0,54,0,0,0
1500000US480410008002,480410008002,"Block Group 2, Census Tract 8, Brazos County, Texas",1072,1050,22,0,0,0,0
1500000US480410008003,480410008003,"Block Group 3, Census Tract 8, Brazos County, Texas",2413,1866,346,0,15,0,59
1500000US480410008004,480410008004,"Block Group 4, Census Tract 8, Brazos County, Texas",698,635,0,0,46,0,17
1500000US480410009001,480410009001,"Block Group 1, Census Tract 9, Brazos County, Texas",1506,763,179,122,0,0,398
1500000US480410009002,480410009002,"Block Group 2, Census Tract 9, Brazos County, Texas",951,674,180,0,0,0,97
1500000US480410010001,480410010001,"Block Group 1, Census Tract 10, Brazos County, Texas",1332,1129,10,0,61,0,104
1500000US480410010002,480410010002,"Block Group 2, Census Tract 10, Brazos County, Texas",2234,1186,501,0,437,0,85
1500000US480410010003,480410010003,"Block Group 3, Census Tract 10, Brazos County, Texas",3834,2157,738,0,45,0,725
1500000US480410010004,480410010004,"Block Group 4, Census Tract 10, Brazos County, Texas",1051,691,123,0,50,0,109
1500000US480410011001,480410011001,"Block Group 1, Census Tract 11, Brazos County, Texas",1272,740,257,10,0,0,65
1500000US480410011002,480410011002,"Block Group 2, Census Tract 11, Brazos County, Texas",1317,825,44,0,29,0,419
1500000US480410011003,480410011003,"Block Group 3, Census Tract 11, Brazos County, Texas",1209,1178,0,0,0,0,31
1500000US480410011004,480410011004,"Block Group 4, Census Tract 11, Brazos County, Texas",779,747,2,0,0,0,0
1500000US480410013011,480410013011,"Block Group 1, Census Tract 13.01, Brazos County, Texas",1967,1726,179,0,53,0,0
1500000US480410013012,480410013012,"Block Group 2, Census Tract 13.01, Brazos County, Texas",872,732,15,0,28,0,70
1500000US480410013021,480410013021,"Block Group 1, Census Tract 13.02, Brazos County, Texas",1888,1386,97,0,243,0,86
1500000US480410013022,480410013022,"Block Group 2, Census Tract 13.02, Brazos County, Texas",1978,1745,94,0,66,0,0
1500000US480410013023,480410013023,"Block Group 3, Census Tract 13.02, Brazos County, Texas",471,471,0,0,0,0,0
1500000US480410013031,480410013031,"Block Group 1, Census Tract 13.03, Brazos County, Texas",1278,1035,219,0,0,0,0
1500000US480410013032,480410013032,"Block Group 2, Census Tract 13.03, Brazos County, Texas",1748,1207,179,36,301,0,15
1500000US480410013033,480410013033,"Block Group 3, Census Tract 13.03, Brazos County, Texas",1508,867,121,4,191,0,298
1500000US480410013034,480410013034,"Block Group 4, Census Tract 13.03, Brazos County, Texas",1031,679,148,0,188,0,0
1500000US480410014001,480410014001,"Block Group 1, Census Tract 14, Brazos County, Texas",375,132,0,0,205,24,0
1500000US480410014002,480410014002,"Block Group 2, Census Tract 14, Brazos County, Texas",1378,668,49,6,563,10,40
1500000US480410014003,480410014003,"Block Group 3, Census Tract 14, Brazos County, Texas",1302,963,89,0,206,0,19
1500000US480410016011,480410016011,"Block Group 1, Census Tract 16.01, Brazos County, Texas",1884,1236,78,0,511,0,18
1500000US480410016012,480410016012,"Block Group 2, Census Tract 16.01, Brazos County, Texas",809,250,410,0,53,0,9
1500000US480410016013,480410016013,"Block Group 3, Census Tract 16.01, Brazos County, Texas",2147,1880,52,0,137,0,57
1500000US480410016041,480410016041,"Block Group 1, Census Tract 16.04, Brazos County, Texas",2203,1399,51,21,524,0,106
1500000US480410016042,480410016042,"Block Group 2, Census Tract 16.04, Brazos County, Texas",677,609,0,0,0,0,64
1500000US480410016043,480410016043,"Block Group 3, Census Tract 16.04, Brazos County, Texas",2467,1947,143,0,254,0,27
1500000US480410016051,480410016051,"Block Group 1, Census Tract 16.05, Brazos County, Texas",1139,817,154,0,47,0,45
1500000US480410016052,480410016052,"Block Group 2, Census Tract 16.05, Brazos County, Texas",2364,1120,776,4,281,0,163
1500000US480410016061,480410016061,"Block Group 1, Census Tract 16.06, Brazos County, Texas",1366,1205,76,9,58,0,10
1500000US480410016062,480410016062,"Block Group 2, Census Tract 16.06, Brazos County, Texas",1773,1321,72,19,270,0,0
1500000US480410017011,480410017011,"Block Group 1, Census Tract 17.01, Brazos County, Texas",1947,1484,148,0,264,0,44
1500000US480410017012,480410017012,"Block Group 2, Census Tract 17.01, Brazos County, Texas",1277,882,9,7,247,0,0
1500000US480410017013,480410017013,"Block Group 3, Census Tract 17.01, Brazos County, Texas",1832,1388,25,0,234,0,185
1500000US480410017021,480410017021,"Block Group 1, Census Tract 17.02, Brazos County, Texas",1153,1090,29,0,15,0,5
1500000US480410017022,480410017022,"Block Group 2, Census Tract 17.02, Brazos County, Texas",2142,805,1165,0,104,0,68
1500000US480410018011,480410018011,"Block Group 1, Census Tract 18.01, Brazos County, Texas",2136,1721,394,0,0,0,0
1500000US480410018012,480410018012,"Block Group 2, Census Tract 18.01, Brazos County, Texas",2171,1974,128,8,23,0,0
1500000US480410018031,480410018031,"Block Group 1, Census Tract 18.03, Brazos County, Texas",2437,1711,210,0,460,0,32
1500000US480410018032,480410018032,"Block Group 2, Census Tract 18.03, Brazos County, Texas",2621,1974,139,0,392,0,33
1500000US480410018033,480410018033,"Block Group 3, Census Tract 18.03, Brazos County, Texas",1588,1306,0,0,250,0,10
1500000US480410018041,480410018041,"Block Group 1, Census Tract 18.04, Brazos County, Texas",1087,815,132,0,68,0,72
1500000US480410019001,480410019001,"Block Group 1, Census Tract 19, Brazos County, Texas",1581,1333,248,0,0,0,0
1500000US480410019002,480410019002,"Block Group 2, Census Tract 19, Brazos County, Texas",989,857,43,0,26,0,32
1500000US480410019003,480410019003,"Block Group 3, Census Tract 19, Brazos County, Texas",753,743,0,10,0,0,0
1500000US480410019004,480410019004,"Block Group 4, Census Tract 19, Brazos County, Texas",1174,949,115,0,43,0,67
1500000US480410019005,480410019005,"Block Group 5, Census Tract 19, Brazos County, Texas",1130,601,185,0,46,0,298
1500000US480410020011,480410020011,"Block Group 1, Census Tract 20.01, Brazos County, Texas",2137,1857,62,0,162,0,0
1500000US480410020012,480410020012,"Block Group 2, Census Tract 20.01, Brazos County, Texas",2548,2458,33,0,30,0,0
1500000US480410020021,480410020021,"Block Group 1, Census Tract 20.02, Brazos County, Texas",1310,933,158,0,200,0,0
1500000US480410020022,480410020022,"Block Group 2, Census Tract 20.02, Brazos County, Texas",3277,2622,367,7,238,0,0
1500000US480410020023,480410020023,"Block Group 3, Census Tract 20.02, Brazos County, Texas",2125,1956,13,44,32,0,0
1500000US480410020061,480410020061,"Block Group 1, Census Tract 20.06, Brazos County, Texas",1584,1095,13,0,412,0,41
1500000US480410020071,480410020071,"Block Group 1, Census Tract 20.07, Brazos County, Texas",3083,2867,41,0,107,0,38
1500000US480410020072,480410020072,"Block Group 2, Census Tract 20.07, Brazos County, Texas",3889,3087,340,0,329,0,57
1500000US480410020081,480410020081,"Block Group 1, Census Tract 20.08, Brazos County, Texas",4104,3671,55,0,158,0,30
1500000US480410020082,480410020082,"Block Group 2, Census Tract 20.08, Brazos County, Texas",2645,2152,208,0,251,0,0
1500000US480410020091,480410020091,"Block Group 1, Census Tract 20.09, Brazos County, Texas",914,622,169,0,58,0,2
1500000US480410020092,480410020092,"Block Group 2, Census Tract 20.09, Brazos County, Texas",3439,3059,0,0,304,0,8
1500000US480410020101,480410020101,"Block Group 1, Census Tract 20.10, Brazos County, Texas",1186,950,28,0,0,0,208
1500000US480410020102,480410020102,"Block Group 2, Census Tract 20.10, Brazos County, Texas",1601,1540,6,27,6,0,0
1500000US480410020111,480410020111,"Block Group 1, Census Tract 20.11, Brazos County, Texas",964,889,69,0,0,0,6
1500000US480410020112,480410020112,"Block Group 2, Census Tract 20.11, Brazos County, Texas",2197,2159,0,9,8,21,0
1500000US480410020121,480410020121,"Block Group 1, Census Tract 20.12, Brazos County, Texas",1374,1327,0,0,17,0,0
1500000US480410020122,480410020122,"Block Group 2, Census Tract 20.12, Brazos County, Texas",2366,1973,197,0,108,0,31
1500000US480410020123,480410020123,"Block Group 3, Census Tract 20.12, Brazos County, Texas",3065,2707,0,0,135,0,86
1500000US480410020131,480410020131,"Block Group 1, Census Tract 20.13, Brazos County, Texas",3256,3061,85,0,80,0,0
1500000US480410020132,480410020132,"Block Group 2, Census Tract 20.13, Brazos County, Texas",2350,2278,28,10,24,0,0
1500000US480410020141,480410020141,"Block Group 1, Census Tract 20.14, Brazos County, Texas",809,723,82,0,0,0,0
1500000US480410020142,480410020142,"Block Group 2, Census Tract 20.14, Brazos County, Texas",819,685,70,33,13,0,11
1500000US480410020151,480410020151,"Block Group 1, Census Tract 20.15, Brazos County, Texas",9344,7507,384,47,686,0,376
1500000US480419800001,480419800001,"Block Group 1, Census Tract 9800, Brazos County, Texas",4,4,0,0,0,0,0
